timestamp,co2[ppm],heartbeat[undefined],humidity[%],temperature[Â°F]
2023-11-10T17:10:00-05:00,---,---,---,---
2023-11-10T18:16:16-05:00,1500.3,---,44.47,70.5
2023-11-10T18:56:16-05:00,1940.9,---,50.52,70.7
2023-11-10T19:37:16-05:00,1743.2,---,48.59,70.1
2023-11-10T20:17:16-05:00,1492.8,---,47.09,68.9
2023-11-10T20:57:17-05:00,1287.6,---,46.19,68.4
2023-11-10T21:37:17-05:00,1137.7,---,45.64,67.7
2023-11-10T22:17:17-05:00,1073.6,---,45.44,68
2023-11-10T22:57:17-05:00,1042.7,---,43.67,68.6
2023-11-10T23:37:17-05:00,943.3,---,42.87,68.7
2023-11-11T00:19:18-05:00,886.5,---,43.71,67
2023-11-11T01:43:41-05:00,926.2,---,45.17,66.9
2023-11-11T03:20:17-05:00,761.3,---,42.19,67.9
2023-11-11T06:43:01-05:00,665.8,---,43.15,65.3
2023-11-11T08:10:53-05:00,626,---,42.81,64.5
2023-11-11T08:50:53-05:00,758.5,---,45.16,67.2
2023-11-11T09:30:53-05:00,811.4,---,43.82,68
2023-11-11T10:10:53-05:00,742.9,---,42.38,67.9
2023-11-11T10:50:54-05:00,705.8,---,43.37,67.6
2023-11-11T11:30:54-05:00,688.5,---,42.42,68.2
2023-11-11T12:10:54-05:00,688,---,43.6,67.8
2023-11-11T12:50:54-05:00,652.9,---,42.32,67.2
2023-11-11T13:30:54-05:00,684.8,---,42.19,67.1
2023-11-11T14:11:55-05:00,674.2,---,42.15,67.5
2023-11-11T15:30:00-05:00,---,---,---,---
2023-11-11T16:10:00-05:00,---,---,---,---
2023-11-11T16:50:00-05:00,---,---,---,---
2023-11-11T17:30:00-05:00,---,---,---,---
2023-11-11T18:10:00-05:00,---,---,---,---
2023-11-11T18:50:00-05:00,---,---,---,---
2023-11-11T19:30:00-05:00,---,---,---,---
2023-11-11T20:10:00-05:00,---,---,---,---
2023-11-11T20:50:00-05:00,---,---,---,---
2023-11-11T21:29:10-05:00,806.4,---,43.27,66.5
2023-11-11T22:09:10-05:00,903.3,---,44.48,66
2023-11-11T22:55:10-05:00,1636.3,---,45.42,67.3
2023-11-11T23:35:11-05:00,1638.4,---,47.18,66.9
2023-11-12T00:15:11-05:00,1173.6,---,43.52,66.7
2023-11-12T00:55:11-05:00,1000.4,---,43.22,66.3
2023-11-12T01:35:11-05:00,931.4,---,44.05,64.8
2023-11-12T02:15:11-05:00,895.1,---,43.16,65.1
2023-11-12T02:55:11-05:00,795.3,---,43.8,64
2023-11-12T03:35:11-05:00,767.8,---,44.25,63.3
2023-11-12T04:16:11-05:00,741.8,---,43.36,63.5
2023-11-12T04:56:11-05:00,722.6,---,43.15,63.3
2023-11-12T05:36:12-05:00,714.7,---,43.59,62.7
2023-11-12T06:17:12-05:00,676.3,---,44.25,62
2023-11-12T06:57:12-05:00,623.5,---,43.03,62.3
2023-11-12T07:37:12-05:00,554.1,---,43.64,61.9
2023-11-12T08:17:12-05:00,587.4,---,42.29,62.5
2023-11-12T08:57:12-05:00,566.6,---,42.64,62
2023-11-12T09:37:12-05:00,712.5,---,42.09,66.6
2023-11-12T10:16:12-05:00,896.7,---,42.72,67.1
2023-11-12T10:56:13-05:00,729.9,---,39.95,67.1
2023-11-12T11:36:13-05:00,751.4,---,41.07,67.1
2023-11-12T12:16:13-05:00,741.4,---,40.92,67.6
2023-11-12T12:56:14-05:00,767.2,---,41.14,68.1
2023-11-12T13:36:15-05:00,750.8,---,41.04,68.5
2023-11-12T14:17:14-05:00,728.7,---,42.2,69
2023-11-12T14:57:14-05:00,758.3,---,40.33,68.8
2023-11-12T15:37:14-05:00,729.3,---,40.66,67.7
2023-11-12T16:17:14-05:00,646.1,---,40.92,66.7
2023-11-12T16:57:14-05:00,619.7,---,41.62,65.5
2023-11-12T17:37:14-05:00,632,---,41.79,64.8
2023-11-12T18:17:14-05:00,617.8,---,41.66,64.6
2023-11-12T18:57:15-05:00,652.4,---,41,65.5
2023-11-12T19:37:15-05:00,1978.1,---,48.92,66
2023-11-12T20:17:15-05:00,2209.7,---,49.77,66.4
2023-11-12T20:58:15-05:00,1622.1,---,47.58,66.9
2023-11-12T21:39:15-05:00,1096.2,---,42.68,67.4
2023-11-12T22:19:15-05:00,1046.2,---,43.32,66.2
2023-11-12T22:59:15-05:00,893.2,---,43.16,64.9
2023-11-12T23:39:15-05:00,842.6,---,44.5,64.2
2023-11-13T00:19:16-05:00,769.3,---,44.92,63.3
2023-11-13T00:59:16-05:00,685.9,---,44.35,62
2023-11-13T01:39:16-05:00,652.3,---,43.43,61.3
2023-11-13T02:19:16-05:00,615,---,43.03,60.6
2023-11-13T02:59:16-05:00,580.5,---,41.94,60.8
2023-11-13T03:39:16-05:00,583.7,---,40.75,61.4
2023-11-13T04:19:16-05:00,551.8,---,41.65,59.8
2023-11-13T04:59:16-05:00,591.7,---,40.26,61.7
2023-11-13T05:39:17-05:00,628.8,---,41.35,62.9
2023-11-13T06:19:17-05:00,626.9,---,40.64,63.3
2023-11-13T06:59:17-05:00,599.3,---,39.49,63.5
2023-11-13T07:39:17-05:00,574,---,40.18,63.6
2023-11-13T08:19:17-05:00,578.2,---,39.44,64.2
2023-11-13T08:59:17-05:00,651.3,---,39.71,63.7
2023-11-13T09:39:17-05:00,614.7,---,40.34,62.7
2023-11-13T10:19:17-05:00,606.3,---,39.95,62.8
2023-11-13T10:59:17-05:00,530.9,---,38.95,63.6
2023-11-13T11:39:18-05:00,527.2,---,35.67,66.3
2023-11-13T12:19:18-05:00,555.4,---,36.85,66.3
2023-11-13T13:00:00-05:00,---,---,---,---
2023-11-13T13:40:18-05:00,542.6,---,38.6,64.1
2023-11-13T14:20:18-05:00,526.6,---,38.67,64.6
2023-11-13T15:00:18-05:00,572.8,---,36.34,67.8
2023-11-13T15:40:18-05:00,495,---,37.05,67.1
2023-11-13T16:20:18-05:00,501.7,---,37.04,67.5
2023-11-13T17:00:19-05:00,577.4,---,37.86,67.5
2023-11-13T17:40:19-05:00,690.9,---,39.37,66.9
2023-11-13T18:20:19-05:00,579.9,---,39.12,66.6
2023-11-13T19:00:19-05:00,1215.1,---,46.21,66.5
2023-11-13T19:40:00-05:00,---,---,---,---
2023-11-13T20:20:19-05:00,1567.8,---,46.92,67.2
2023-11-13T21:00:19-05:00,1267,---,45.12,66.4
2023-11-13T21:40:19-05:00,1102.8,---,42.97,66.6
2023-11-13T22:20:20-05:00,1018.3,---,43.2,65.7
2023-11-13T23:00:20-05:00,914.5,---,42.96,64.9
2023-11-13T23:40:20-05:00,846,---,43.86,64
2023-11-14T00:20:20-05:00,857,---,43.47,63.9
2023-11-14T01:00:20-05:00,794.2,---,43.07,63.5
2023-11-14T01:40:20-05:00,846.6,---,42.84,63.3
2023-11-14T02:20:20-05:00,739,---,42.45,63.3
2023-11-14T03:00:21-05:00,711.8,---,42.49,63.1
2023-11-14T03:40:21-05:00,669.3,---,42.02,62.8
2023-11-14T04:21:21-05:00,648.7,---,42.46,62.4
2023-11-14T05:01:21-05:00,622.2,---,42.67,62
2023-11-14T05:41:21-05:00,641.7,---,43.78,64.9
2023-11-14T06:21:21-05:00,698.5,---,43.96,65.5
2023-11-14T07:01:21-05:00,643.2,---,42.53,65.8
2023-11-14T07:41:21-05:00,659.3,---,42.15,65.8
2023-11-14T08:21:21-05:00,744.2,---,42.53,66
2023-11-14T09:01:21-05:00,739.9,---,42.72,65.4
2023-11-14T09:41:22-05:00,715.3,---,43.29,64.5
2023-11-14T10:21:22-05:00,705,---,43.53,63.9
2023-11-14T11:01:22-05:00,673.7,---,42.71,64
2023-11-14T11:42:22-05:00,655.4,---,42.59,63.8
2023-11-14T12:22:22-05:00,635.2,---,42.71,63.4
2023-11-14T13:02:22-05:00,607.2,---,42.48,63.3
2023-11-14T13:42:22-05:00,572,---,41.35,64.5
2023-11-14T14:22:22-05:00,582.4,---,42.06,64
2023-11-14T15:02:23-05:00,540.9,---,41.19,64.9
2023-11-14T15:42:23-05:00,515.8,---,41.73,64.5
2023-11-14T16:23:23-05:00,515.1,---,40.1,66.8
2023-11-14T17:03:23-05:00,884.7,---,43.39,67.3
2023-11-14T17:43:23-05:00,1048.1,---,44.48,67
2023-11-14T18:23:23-05:00,1494,---,45.62,67.3
2023-11-14T19:03:23-05:00,1819.3,---,47.71,66.9
2023-11-14T19:47:23-05:00,2030.2,---,50.69,67.1
2023-11-14T20:27:23-05:00,1457.5,---,46.67,66.4
2023-11-14T21:07:23-05:00,1029.6,---,43.87,66.5
2023-11-14T21:47:24-05:00,948.8,---,43.47,66.5
2023-11-14T22:27:24-05:00,1024.6,---,45.48,65.4
2023-11-14T23:07:24-05:00,1042.2,---,45.21,64.1
2023-11-14T23:47:24-05:00,916.2,---,44.01,63.7
2023-11-15T00:27:24-05:00,747.2,---,43.87,62.4
2023-11-15T01:07:24-05:00,660.5,---,43.19,62
2023-11-15T01:47:24-05:00,614.1,---,43.64,60.9
2023-11-15T02:27:24-05:00,580,---,43.1,60.7
2023-11-15T03:08:24-05:00,541.6,---,42.79,60.3
2023-11-15T03:48:25-05:00,562.4,---,41.6,60.8
2023-11-15T04:28:25-05:00,548.4,---,41.52,60.8
2023-11-15T05:09:25-05:00,558.6,---,42.13,60.4
2023-11-15T05:49:25-05:00,591.1,---,41.77,63.2
2023-11-15T06:29:25-05:00,625.3,---,41.97,63.8
2023-11-15T07:09:25-05:00,559.3,---,40,63.8
2023-11-15T07:49:25-05:00,671.2,---,42.13,63.9
2023-11-15T08:28:25-05:00,747.3,---,43.33,65.5
2023-11-15T09:08:26-05:00,709.8,---,40.82,65.1
2023-11-15T09:48:26-05:00,654.8,---,40.28,64.7
2023-11-15T10:28:26-05:00,652.3,---,40.17,65
2023-11-15T11:09:26-05:00,638.5,---,39.58,66.4
2023-11-15T11:49:26-05:00,613.2,---,36.03,69.4
2023-11-15T12:29:26-05:00,629.4,---,33.54,71.6
2023-11-15T13:09:26-05:00,632.8,---,33.86,72.1
2023-11-15T13:49:26-05:00,629.8,---,34.99,70.6
2023-11-15T14:29:26-05:00,647.3,---,35.18,71.3
2023-11-15T15:09:27-05:00,659.8,---,36.59,69.2
2023-11-15T15:49:27-05:00,578.4,---,38.07,68.7
2023-11-15T16:29:27-05:00,556.4,---,37.13,69.2
2023-11-15T17:09:27-05:00,719.3,---,38.8,69.5
2023-11-15T17:49:27-05:00,648.7,---,39.23,68.8
2023-11-15T18:30:00-05:00,---,---,---,---
2023-11-15T19:10:00-05:00,---,---,---,---
2023-11-15T19:50:00-05:00,---,---,---,---
2023-11-15T20:30:00-05:00,---,---,---,---
2023-11-15T21:10:00-05:00,---,---,---,---
2023-11-15T21:50:00-05:00,---,---,---,---
2023-11-15T22:30:00-05:00,---,---,---,---
2023-11-15T23:10:00-05:00,---,---,---,---
2023-11-15T23:50:00-05:00,---,---,---,---
2023-11-16T00:30:00-05:00,---,---,---,---
2023-11-16T01:10:00-05:00,---,---,---,---
2023-11-16T01:50:28-05:00,698.8,---,42.79,63.3
2023-11-16T02:30:29-05:00,650.9,---,42.52,63.2
2023-11-16T03:10:29-05:00,626.8,---,42.51,62.2
2023-11-16T03:50:29-05:00,612.5,---,42.57,61.7
2023-11-16T04:30:29-05:00,607.9,---,43.12,61
2023-11-16T05:10:29-05:00,631.3,---,42.53,60.9
2023-11-16T05:50:29-05:00,597.4,---,41.08,63.2
2023-11-16T06:30:29-05:00,616.7,---,40.05,64.1
2023-11-16T07:10:29-05:00,602.1,---,39.71,64.4
2023-11-16T07:50:29-05:00,631.3,---,41.68,64.9
2023-11-16T08:30:30-05:00,828.6,---,42.9,65.6
2023-11-16T09:10:30-05:00,784.7,---,40.81,65.2
2023-11-16T09:51:30-05:00,998.2,---,40.55,65.8
2023-11-16T10:31:30-05:00,755.5,---,38.72,69
2023-11-16T11:11:30-05:00,838.5,---,38.28,71.2
2023-11-16T11:51:30-05:00,930.3,---,36.37,74.6
2023-11-16T12:31:30-05:00,829,---,33.06,76.1
2023-11-16T13:11:31-05:00,849.8,---,34.79,75.5
2023-11-16T13:51:31-05:00,850.5,---,34.61,75.7
2023-11-16T14:31:31-05:00,879.3,---,35.55,75
2023-11-16T15:11:31-05:00,858,---,36.02,74.1
2023-11-16T15:51:31-05:00,816.7,---,37,72.5
2023-11-16T16:31:31-05:00,866.3,---,38.64,71.9
2023-11-16T17:12:31-05:00,907.1,---,39.86,70.5
2023-11-16T17:52:31-05:00,937.3,---,42.33,69
2023-11-16T18:32:31-05:00,1124.6,---,44.12,69
2023-11-16T19:12:31-05:00,1031.6,---,43.74,68.4
2023-11-16T19:52:32-05:00,863.7,---,43.1,67.7
2023-11-16T20:32:32-05:00,939.9,---,43.31,67.6
2023-11-16T21:12:32-05:00,932.3,---,43.91,67.2
2023-11-16T21:52:32-05:00,849,---,42.98,67.3
2023-11-16T22:32:32-05:00,825.8,---,43.11,66.5
2023-11-16T23:13:32-05:00,770.6,---,44,65.2
2023-11-16T23:53:32-05:00,934.3,---,44.65,65.5
2023-11-17T00:33:32-05:00,841.9,---,43.78,65
2023-11-17T01:14:33-05:00,784.8,---,43.34,64.6
2023-11-17T01:54:33-05:00,743.1,---,43.6,63.9
2023-11-17T02:34:33-05:00,694.8,---,43.8,63.3
2023-11-17T03:14:33-05:00,686.3,---,44.09,62.9
2023-11-17T03:54:33-05:00,664.3,---,43.71,62.6
2023-11-17T04:34:33-05:00,653.2,---,43.64,62.3
2023-11-17T05:14:33-05:00,624.3,---,44.89,63.1
2023-11-17T05:54:34-05:00,685.8,---,42,65.4
2023-11-17T06:34:34-05:00,677.6,---,42.38,65.5
2023-11-17T07:14:34-05:00,663.6,---,42.31,65.8
2023-11-17T07:54:34-05:00,677.9,---,42.28,65.8
2023-11-17T08:35:34-05:00,880.2,---,44.8,65.8
2023-11-17T09:15:34-05:00,815.5,---,42.19,66.6
2023-11-17T09:55:34-05:00,813.9,---,41.1,67.4
2023-11-17T10:35:34-05:00,772.3,---,39.85,67.9
2023-11-17T11:15:34-05:00,764.6,---,39.82,68.1
2023-11-17T11:55:35-05:00,752.2,---,40.23,67.6
2023-11-17T12:35:35-05:00,663.8,---,40.1,67.3
2023-11-17T13:15:35-05:00,723,---,40.57,67.4
2023-11-17T13:55:35-05:00,759.1,---,41.04,67.2
2023-11-17T14:35:35-05:00,750.2,---,42.24,66.9
2023-11-17T15:15:35-05:00,748.7,---,42.47,66.7
2023-11-17T15:55:35-05:00,642.8,---,43.2,68.5
2023-11-17T16:36:35-05:00,627.5,---,42.55,68.4
2023-11-17T17:16:36-05:00,714.4,---,44.1,68.4
2023-11-17T17:56:36-05:00,817.6,---,44.44,68.2
2023-11-17T18:36:36-05:00,1347,---,50.22,68
2023-11-17T19:16:36-05:00,1456.1,---,49.23,68.4
2023-11-17T19:56:36-05:00,1343.3,---,47.18,68.5
2023-11-17T20:36:36-05:00,1247.7,---,46.72,68.2
2023-11-17T21:16:36-05:00,1180.1,---,46.83,67.7
2023-11-17T21:56:37-05:00,1014.9,---,46.47,67.8
2023-11-17T22:36:37-05:00,1001.3,---,46.67,67.3
2023-11-17T23:16:37-05:00,968.1,---,46.23,66.9
2023-11-17T23:57:37-05:00,928.1,---,47.33,66.4
2023-11-18T00:37:37-05:00,890.7,---,48.19,66.1
2023-11-18T01:17:37-05:00,812.2,---,46.98,66
2023-11-18T01:57:37-05:00,722.3,---,46.86,65.6
2023-11-18T02:37:37-05:00,656,---,47.11,65
2023-11-18T03:17:37-05:00,608.8,---,46.16,64.7
2023-11-18T03:57:38-05:00,578.5,---,45.98,64.4
2023-11-18T04:37:38-05:00,562,---,45.64,64
2023-11-18T05:17:38-05:00,544.9,---,45.73,63.3
2023-11-18T05:57:38-05:00,651.9,---,45.97,63.3
2023-11-18T06:37:38-05:00,670.3,---,46.36,62.5
2023-11-18T07:18:38-05:00,671.3,---,46.51,62.1
2023-11-18T07:58:38-05:00,673.3,---,45.98,62.1
2023-11-18T08:38:38-05:00,719.3,---,46.3,64.7
2023-11-18T09:18:39-05:00,663.9,---,43.39,67.9
2023-11-18T09:58:39-05:00,611.8,---,41.55,68.5
2023-11-18T10:38:39-05:00,724.5,---,42.53,68.8
2023-11-18T11:18:39-05:00,680.4,---,42.38,68.6
2023-11-18T11:58:39-05:00,644.5,---,40.21,69.9
2023-11-18T12:38:39-05:00,622.6,---,38.12,71.8
2023-11-18T13:18:39-05:00,656.6,---,35.1,75.3
2023-11-18T13:58:39-05:00,736.2,---,35.56,75.4
2023-11-18T14:38:39-05:00,788.7,---,36.79,74.1
2023-11-18T15:19:40-05:00,817.6,---,37.57,73
2023-11-18T15:59:40-05:00,802.8,---,39.01,70.3
2023-11-18T16:44:40-05:00,865.4,---,41.11,69
2023-11-18T17:24:40-05:00,893.7,---,42.36,68.2
2023-11-18T18:03:40-05:00,771.4,---,42.62,67
2023-11-18T18:42:40-05:00,824.4,---,43.08,66.2
2023-11-18T19:22:40-05:00,717.8,---,42.88,66.1
2023-11-18T20:02:40-05:00,636.6,---,41.69,66.5
2023-11-18T20:42:41-05:00,752.1,---,42.86,65.8
2023-11-18T21:22:41-05:00,759,---,42.7,65.8
2023-11-18T22:02:41-05:00,1091.3,---,47.27,66.3
2023-11-18T22:43:41-05:00,976.8,---,47.55,65.7
2023-11-18T23:23:41-05:00,918.7,---,46.56,65.8
2023-11-19T00:03:41-05:00,858.8,---,46.06,64.9
2023-11-19T00:43:42-05:00,799.7,---,45.08,64.7
2023-11-19T01:23:42-05:00,671.7,---,43.71,64.3
2023-11-19T02:03:42-05:00,599.2,---,43.07,63.3
2023-11-19T02:43:42-05:00,555.9,---,43.16,62.7
2023-11-19T03:24:42-05:00,521.6,---,42.29,62.5
2023-11-19T04:04:43-05:00,497.6,---,42.34,61.6
2023-11-19T04:44:43-05:00,478.4,---,42.48,61.1
2023-11-19T05:24:43-05:00,468.1,---,42.2,60.8
2023-11-19T06:04:43-05:00,450.6,---,42.03,60.3
2023-11-19T06:45:44-05:00,459.1,---,42.61,60.8
2023-11-19T07:25:44-05:00,490.8,---,41.52,60.8
2023-11-19T08:05:44-05:00,481.9,---,39.87,61.8
2023-11-19T08:45:44-05:00,519.5,---,39.65,62.8
2023-11-19T09:25:45-05:00,513,---,40.62,63.7
2023-11-19T10:05:45-05:00,1426.2,---,47.38,66.7
2023-11-19T10:45:45-05:00,1288,---,43.47,68.7
2023-11-19T11:25:45-05:00,1003.1,---,39.79,69.7
2023-11-19T12:05:45-05:00,984.3,---,41.89,68.2
2023-11-19T12:45:45-05:00,943.8,---,42.66,67.9
2023-11-19T13:25:45-05:00,843.4,---,39.65,70.8
2023-11-19T14:06:46-05:00,796.8,---,39.83,70.6
2023-11-19T14:46:46-05:00,696,---,38.04,70.6
2023-11-19T15:26:46-05:00,591.8,---,39.79,68.6
2023-11-19T16:06:46-05:00,607.3,---,40.5,68.5
2023-11-19T16:46:46-05:00,691.8,---,42.58,66.6
2023-11-19T17:26:46-05:00,621.3,---,42.81,66.6
2023-11-19T18:06:46-05:00,683.7,---,42.74,66.6
2023-11-19T18:47:46-05:00,1536.8,---,45.61,68.5
2023-11-19T19:27:47-05:00,1693.5,---,45.81,69.9
2023-11-19T20:07:48-05:00,1531.3,---,45.41,68.8
2023-11-19T20:47:49-05:00,1191.8,---,43.38,68.2
2023-11-19T21:27:49-05:00,1008,---,42.96,67.2
2023-11-19T22:08:49-05:00,960.6,---,43.06,65.9
2023-11-19T22:48:49-05:00,905.3,---,43.3,65.5
2023-11-19T23:25:49-05:00,830.7,---,43.57,64.6
2023-11-20T00:05:50-05:00,825.1,---,42.4,65.1
2023-11-20T00:45:50-05:00,700.9,---,42.95,63.1
2023-11-20T01:25:50-05:00,649.3,---,43.49,62.3
2023-11-20T02:05:50-05:00,607.3,---,43.44,61.8
2023-11-20T02:45:50-05:00,581.4,---,42.61,61.4
2023-11-20T03:25:50-05:00,554,---,42.74,60.7
2023-11-20T04:04:50-05:00,530.9,---,42.68,60.1
2023-11-20T04:40:00-05:00,---,---,---,---
2023-11-20T05:20:50-05:00,537.2,---,43.48,60.4
2023-11-20T06:00:51-05:00,793.8,---,42.77,64
2023-11-20T06:40:51-05:00,680,---,41.13,63.9
2023-11-20T07:20:51-05:00,620.7,---,39.84,64.3
2023-11-20T08:00:51-05:00,606,---,40.62,63.8
2023-11-20T08:40:51-05:00,772,---,41.94,64.9
2023-11-20T09:20:51-05:00,690.3,---,40.81,64.7
2023-11-20T10:00:51-05:00,643.3,---,39.82,64.2
2023-11-20T10:40:52-05:00,594.7,---,37.92,65.9
2023-11-20T11:20:52-05:00,574.7,---,35.5,69.2
2023-11-20T12:00:52-05:00,553.8,---,31.36,72
2023-11-20T12:41:52-05:00,541.3,---,31.06,72.3
2023-11-20T13:21:52-05:00,502.2,---,30.76,73.3
2023-11-20T14:01:52-05:00,523.5,---,30.58,72.8
2023-11-20T14:41:52-05:00,505.6,---,31.41,71.4
2023-11-20T15:21:52-05:00,509.4,---,33.04,69.6
2023-11-20T16:01:52-05:00,467.4,---,34.15,69.2
2023-11-20T16:41:52-05:00,656.8,---,35.94,68.2
2023-11-20T17:21:53-05:00,591.1,---,36.37,67.7
2023-11-20T18:01:53-05:00,566,---,36.96,66.7
2023-11-20T18:41:53-05:00,993.9,---,43,66
2023-11-20T19:21:53-05:00,1383.8,---,43.34,66.4
2023-11-20T20:01:53-05:00,1412.8,---,42.37,65.8
2023-11-20T20:42:53-05:00,1050.8,---,39.59,66.2
2023-11-20T21:22:53-05:00,953.5,---,39.55,66.4
2023-11-20T22:02:53-05:00,861.3,---,39.09,65.6
2023-11-20T22:42:53-05:00,844.5,---,40.41,64
2023-11-20T23:22:54-05:00,752.5,---,40.36,63
2023-11-21T00:02:54-05:00,683,---,40.42,62
2023-11-21T00:42:54-05:00,631.9,---,38.69,62.4
2023-11-21T01:22:54-05:00,590.8,---,40.09,60.5
2023-11-21T02:02:54-05:00,560,---,40.13,59.6
2023-11-21T02:42:54-05:00,562.5,---,38.1,61.3
2023-11-21T03:23:54-05:00,535,---,38.91,60
2023-11-21T04:04:55-05:00,524.3,---,39.19,59.6
2023-11-21T04:44:55-05:00,557,---,38.83,59.2
2023-11-21T05:24:55-05:00,553.9,---,39.65,62
2023-11-21T06:04:55-05:00,624.4,---,40.1,62.9
2023-11-21T06:44:55-05:00,555.9,---,37.27,63.1
2023-11-21T07:24:55-05:00,564,---,37.31,62.9
2023-11-21T08:04:55-05:00,590.2,---,37.21,64.4
2023-11-21T08:44:55-05:00,683.8,---,40.21,64.2
2023-11-21T09:24:55-05:00,615.3,---,37.57,64.2
2023-11-21T10:04:55-05:00,579.1,---,37.39,62.9
2023-11-21T10:44:56-05:00,594.3,---,37.85,62.2
2023-11-21T11:24:56-05:00,520.4,---,38.06,61.9
2023-11-21T12:05:56-05:00,537.1,---,36.6,63.3
2023-11-21T12:45:56-05:00,507.3,---,36.82,63.1
2023-11-21T13:25:56-05:00,537.8,---,37.44,63.2
2023-11-21T14:05:56-05:00,544.9,---,37.52,62.7
2023-11-21T14:45:56-05:00,526.8,---,38.01,62.1
2023-11-21T15:23:56-05:00,502.5,---,37.66,62.2
2023-11-21T15:58:57-05:00,---,---,39.58,64.8
2023-11-21T16:32:57-05:00,625.3,---,40,66
2023-11-21T17:09:57-05:00,704.4,---,39.91,65.7
2023-11-21T17:47:57-05:00,879.7,---,41.02,64.9
2023-11-21T18:27:57-05:00,1433.7,---,48.93,66.9
2023-11-21T19:08:57-05:00,1892.6,---,52.72,66.9
2023-11-21T19:48:58-05:00,1482.3,---,47.18,66.9
2023-11-21T20:28:58-05:00,1301.7,---,47.68,66.9
2023-11-21T21:08:58-05:00,1243.7,---,45.26,67.2
2023-11-21T21:48:59-05:00,1182.5,---,43.38,67.4
2023-11-21T22:28:58-05:00,1225.3,---,44.35,66.8
2023-11-21T23:08:58-05:00,1160.9,---,43.34,66.4
2023-11-21T23:48:59-05:00,1020.9,---,42.52,66.6
2023-11-22T00:28:59-05:00,1022.1,---,42.47,67
2023-11-22T01:08:59-05:00,929.5,---,41.97,66.8
2023-11-22T01:48:59-05:00,855.8,---,41.94,65.9
2023-11-22T02:29:00-05:00,825.7,---,41.72,65.6
2023-11-22T03:10:00-05:00,---,---,---,---
2023-11-22T03:50:00-05:00,---,---,---,---
2023-11-22T04:30:00-05:00,---,---,---,---
2023-11-22T05:10:00-05:00,---,---,---,---
2023-11-22T05:50:00-05:00,---,---,---,---
2023-11-22T06:30:00-05:00,---,---,---,---
2023-11-22T07:10:00-05:00,---,---,---,---
2023-11-22T07:50:00-05:00,---,---,---,---
2023-11-22T08:30:00-05:00,---,---,---,---
2023-11-22T09:10:02-05:00,792.6,---,43.52,65.8
2023-11-22T09:50:02-05:00,847.2,---,44.13,65.5
2023-11-22T10:31:03-05:00,1036.5,---,45.67,65.7
2023-11-22T11:11:03-05:00,1081.5,---,44.51,65.8
2023-11-22T11:51:03-05:00,958.4,---,43.77,65.4
2023-11-22T12:31:03-05:00,886.8,---,43.52,65.1
2023-11-22T13:11:03-05:00,833.3,---,43.16,65.1
2023-11-22T13:51:04-05:00,813.5,---,42.82,65.2
2023-11-22T14:31:04-05:00,789.8,---,42.65,65.1
2023-11-22T15:11:04-05:00,761.8,---,43.01,64.6
2023-11-22T15:51:04-05:00,601.3,---,43.16,65.8
2023-11-22T16:31:05-05:00,574.7,---,41.77,67.3
2023-11-22T17:11:05-05:00,573.2,---,41.59,67.6
2023-11-22T17:52:05-05:00,564.9,---,41.82,67.5
2023-11-22T18:32:05-05:00,565.1,---,42.36,67.1
2023-11-22T19:12:05-05:00,529.7,---,42.32,67.1
2023-11-22T19:52:06-05:00,1551.4,---,48.76,67.1
2023-11-22T20:32:06-05:00,1339.5,---,45.72,67.3
2023-11-22T21:12:06-05:00,1083.6,---,44.24,67
2023-11-22T21:52:07-05:00,1074.4,---,44.72,67.7
2023-11-22T22:32:07-05:00,1122.8,---,46.06,66.9
2023-11-22T23:12:07-05:00,1155.6,---,45.97,66.6
2023-11-22T23:52:07-05:00,1107.4,---,46.62,65.9
2023-11-23T00:30:07-05:00,1037,---,46.16,65.6
2023-11-23T01:09:08-05:00,922.3,---,46.09,64.9
2023-11-23T01:50:00-05:00,---,---,---,---
2023-11-23T02:30:00-05:00,---,---,---,---
2023-11-23T03:10:00-05:00,---,---,---,---
2023-11-23T03:50:00-05:00,---,---,---,---
2023-11-23T04:30:00-05:00,---,---,---,---
2023-11-23T05:10:00-05:00,---,---,---,---
2023-11-23T05:50:00-05:00,---,---,---,---
2023-11-23T06:30:00-05:00,---,---,---,---
2023-11-23T07:10:00-05:00,---,---,---,---
2023-11-23T07:50:00-05:00,---,---,---,---
2023-11-23T08:30:00-05:00,---,---,---,---
2023-11-23T09:10:10-05:00,792.4,---,46.11,65.2
2023-11-23T09:50:11-05:00,859.6,---,46,64.7
2023-11-23T10:30:11-05:00,924.8,---,46.86,64.7
2023-11-23T11:10:11-05:00,809.2,---,46.19,67
2023-11-23T11:50:11-05:00,1577,---,46.66,68.1
2023-11-23T12:30:11-05:00,1614,---,48.79,68.9
2023-11-23T13:10:11-05:00,1392.8,---,42.48,72.6
2023-11-23T13:50:11-05:00,1198.2,---,41.29,71.6
2023-11-23T14:30:11-05:00,1127.3,---,42.61,69.7
2023-11-23T15:10:12-05:00,1202.1,---,46.19,68.5
2023-11-23T15:50:12-05:00,2255.5,---,51.33,68.2
2023-11-23T16:34:12-05:00,2832.5,---,54.46,69.5
2023-11-23T17:19:12-05:00,2963.2,---,54.33,70.9
2023-11-23T18:03:12-05:00,2251.8,---,50.31,70.7
2023-11-23T18:47:12-05:00,2469.8,---,51.19,70.3
2023-11-23T19:31:12-05:00,2047.8,---,49.66,69.5
2023-11-23T20:11:13-05:00,1766.8,---,49.35,68.7
2023-11-23T20:51:13-05:00,1627.9,---,49.53,68.2
2023-11-23T21:31:13-05:00,1494.1,---,49.24,67.9
2023-11-23T22:11:13-05:00,1382.7,---,47.83,67.4
2023-11-23T22:51:13-05:00,1247.5,---,47.38,67.1
2023-11-23T23:31:13-05:00,1159,---,47.99,66.5
2023-11-24T00:11:13-05:00,1121.9,---,47.33,66.4
2023-11-24T00:52:13-05:00,1082.8,---,47.8,65.8
2023-11-24T01:32:13-05:00,884.3,---,46.16,65.5
2023-11-24T02:12:14-05:00,777.2,---,46.03,64.8
2023-11-24T02:52:14-05:00,708,---,45.29,64.5
2023-11-24T03:32:14-05:00,645.1,---,45.11,64.1
2023-11-24T04:12:14-05:00,601.8,---,44.61,63.4
2023-11-24T04:52:14-05:00,564.3,---,44.54,62.8
2023-11-24T05:32:14-05:00,567.9,---,44.58,62.3
2023-11-24T06:12:14-05:00,525.2,---,44.63,61.6
2023-11-24T06:52:14-05:00,502.8,---,43.99,61.3
2023-11-24T07:32:15-05:00,506.8,---,44.59,60.8
2023-11-24T08:14:15-05:00,602.9,---,42.92,62.3
2023-11-24T08:54:15-05:00,637.2,---,42.9,65.9
2023-11-24T09:34:15-05:00,624.3,---,40.44,67.4
2023-11-24T10:09:15-05:00,618.3,---,40.08,67.1
2023-11-24T10:45:15-05:00,705.4,---,40.24,67.4
2023-11-24T11:25:15-05:00,805.1,---,43.42,66.1
2023-11-24T12:05:15-05:00,921.3,---,48.41,65.6
2023-11-24T12:45:16-05:00,962,---,45.35,65.4
2023-11-24T13:25:16-05:00,828.9,---,44.77,65
2023-11-24T14:05:16-05:00,717.8,---,42.17,64.9
2023-11-24T14:45:16-05:00,745.3,---,41.29,65.8
2023-11-24T15:25:16-05:00,657.6,---,40.15,65.4
2023-11-24T16:06:16-05:00,678.3,---,40.2,65.7
2023-11-24T16:46:16-05:00,788.8,---,40.94,64.8
2023-11-24T17:26:17-05:00,846.8,---,40.73,65.7
2023-11-24T18:06:17-05:00,795.8,---,41.26,64.8
2023-11-24T18:46:17-05:00,839.3,---,41.9,64.4
2023-11-24T19:26:17-05:00,894.4,---,42.66,64.2
2023-11-24T20:06:17-05:00,780.8,---,41.38,64.2
2023-11-24T20:46:17-05:00,572.2,---,38.13,64.3
2023-11-24T21:26:17-05:00,638.2,---,38.77,64.6
2023-11-24T22:06:17-05:00,735.6,---,41.35,64.3
2023-11-24T22:46:17-05:00,742.3,---,41.49,64.5
2023-11-24T23:27:18-05:00,723.8,---,40.56,64.4
2023-11-25T00:07:18-05:00,693.6,---,40.59,63.7
2023-11-25T00:47:18-05:00,584.6,---,39.57,63.3
2023-11-25T01:28:18-05:00,540.3,---,38.88,62.6
2023-11-25T02:08:18-05:00,522.7,---,39.59,61.4
2023-11-25T02:48:18-05:00,539.8,---,38.54,62.1
2023-11-25T03:28:18-05:00,533.8,---,38.16,62.5
2023-11-25T04:08:18-05:00,526.8,---,37.88,62.2
2023-11-25T04:48:18-05:00,524.7,---,38.18,62.1
2023-11-25T05:28:19-05:00,522.7,---,37.57,62.6
2023-11-25T06:08:19-05:00,523.9,---,37.74,62.5
2023-11-25T06:48:19-05:00,518.2,---,37.88,62.1
2023-11-25T07:29:19-05:00,562.6,---,38.57,62.2
2023-11-25T08:09:19-05:00,625.9,---,39.64,64.4
2023-11-25T08:47:19-05:00,629.3,---,39.72,65.3
2023-11-25T09:27:19-05:00,747.1,---,39.04,65.9
2023-11-25T10:07:19-05:00,724.3,---,36.86,66.8
2023-11-25T10:47:20-05:00,683.3,---,34.16,68.8
2023-11-25T11:27:20-05:00,733.8,---,34.39,71
2023-11-25T12:07:20-05:00,821.3,---,32.83,74.7
2023-11-25T12:47:20-05:00,665.6,---,31.22,75.7
2023-11-25T13:27:20-05:00,811.8,---,29.43,77.2
2023-11-25T14:07:20-05:00,703.3,---,29.35,76.7
2023-11-25T14:48:20-05:00,640,---,30.38,75.8
2023-11-25T15:28:20-05:00,606.4,---,34.07,71.8
2023-11-25T16:08:20-05:00,839.2,---,39.19,68.9
2023-11-25T16:48:21-05:00,993.8,---,42.56,68
2023-11-25T17:28:21-05:00,669.3,---,39.04,66
2023-11-25T18:08:21-05:00,600.5,---,38.92,65.6
2023-11-25T18:48:21-05:00,705,---,39.18,65.5
2023-11-25T19:28:21-05:00,691.4,---,39.87,65.1
2023-11-25T20:06:21-05:00,959.1,---,42.32,64.2
2023-11-25T20:46:21-05:00,1004.6,---,42.26,64.4
2023-11-25T21:26:22-05:00,954.7,---,41.46,64.7
2023-11-25T22:06:22-05:00,998.3,---,42.9,64
2023-11-25T22:47:22-05:00,907.9,---,42.35,63.9
2023-11-25T23:27:22-05:00,835.5,---,41.84,63.9
2023-11-26T00:07:22-05:00,780.8,---,41.02,64.4
2023-11-26T00:47:22-05:00,649.9,---,39.21,64.4
2023-11-26T01:27:22-05:00,603,---,38.16,64.3
2023-11-26T02:07:22-05:00,568.6,---,37.88,64.8
2023-11-26T02:47:23-05:00,556.9,---,38.11,64.7
2023-11-26T03:27:23-05:00,654.5,---,39.3,64.1
2023-11-26T04:07:23-05:00,642.4,---,39.68,63.4
2023-11-26T04:47:23-05:00,598.3,---,38.97,63.9
2023-11-26T05:27:23-05:00,606.6,---,39.43,63.4
2023-11-26T06:08:23-05:00,595.2,---,39.54,63.1
2023-11-26T06:48:23-05:00,598.3,---,39.3,63.5
2023-11-26T07:28:23-05:00,624.8,---,39.16,63.3
2023-11-26T08:08:24-05:00,592.1,---,39.26,62.2
2023-11-26T08:48:24-05:00,667.9,---,42.05,62.2
2023-11-26T09:28:24-05:00,1560.3,---,46.95,67.2
2023-11-26T10:08:24-05:00,1350.6,---,44.67,67.2
2023-11-26T10:48:24-05:00,1007.8,---,37.81,68.8
2023-11-26T11:28:24-05:00,993,---,35.21,70.6
2023-11-26T12:08:24-05:00,864.3,---,31.47,74
2023-11-26T12:48:24-05:00,1078.3,---,34.79,71.6
2023-11-26T13:30:00-05:00,---,---,---,---
2023-11-26T14:10:00-05:00,---,---,---,---
2023-11-26T14:50:00-05:00,---,---,---,---
2023-11-26T15:30:00-05:00,---,---,---,---
2023-11-26T16:10:00-05:00,---,---,---,---
2023-11-26T16:50:00-05:00,---,---,---,---
2023-11-26T17:30:00-05:00,---,---,---,---
2023-11-26T18:10:00-05:00,---,---,---,---
2023-11-26T18:50:00-05:00,---,---,---,---
2023-11-26T19:30:00-05:00,---,---,---,---
2023-11-26T20:10:00-05:00,---,---,---,---
2023-11-26T20:50:00-05:00,---,---,---,---
2023-11-26T21:30:26-05:00,1091.9,---,45.04,66.7
2023-11-26T22:10:26-05:00,999.8,---,44.61,66
2023-11-26T22:50:26-05:00,1298.1,---,48.7,65.5
2023-11-26T23:30:26-05:00,1090,---,46.39,65.8
2023-11-27T00:10:27-05:00,883.3,---,44.64,64.9
2023-11-27T00:50:27-05:00,793.8,---,44.25,64
2023-11-27T01:30:27-05:00,685.9,---,43.99,63.3
2023-11-27T02:10:27-05:00,645.4,---,44.16,62.6
2023-11-27T02:50:27-05:00,557.9,---,43.88,62.2
2023-11-27T03:30:27-05:00,530.5,---,43.7,61.8
2023-11-27T04:10:27-05:00,505.9,---,43.64,61.4
2023-11-27T04:50:00-05:00,---,---,---,---
2023-11-27T05:26:28-05:00,525.5,---,44.36,62.5
2023-11-27T06:06:28-05:00,589.1,---,42.98,64.6
2023-11-27T06:46:28-05:00,628.1,---,43.48,65
2023-11-27T07:26:28-05:00,591.4,---,41.68,65.1
2023-11-27T08:06:28-05:00,586.6,---,42.47,65.1
2023-11-27T08:46:28-05:00,713.3,---,44.75,64.5
2023-11-27T09:26:28-05:00,609.5,---,43.2,63.5
2023-11-27T10:06:28-05:00,555.2,---,42.89,63.2
2023-11-27T10:46:29-05:00,523.9,---,42.21,63.3
2023-11-27T11:26:29-05:00,498.2,---,42.25,62.7
2023-11-27T12:06:29-05:00,485,---,42.55,62.3
2023-11-27T12:48:29-05:00,472,---,42,62
2023-11-27T13:28:29-05:00,436,---,40.65,63.3
2023-11-27T14:08:29-05:00,452.9,---,41.42,62.1
2023-11-27T14:48:29-05:00,429.9,---,40.23,63
2023-11-27T15:28:29-05:00,435,---,40.78,61.8
2023-11-27T16:08:29-05:00,427.8,---,39.36,65.2
2023-11-27T16:48:30-05:00,509.3,---,40.26,64.5
2023-11-27T17:28:30-05:00,485.6,---,39.49,65.2
2023-11-27T18:08:30-05:00,472.7,---,39.41,65
2023-11-27T18:48:30-05:00,1060.8,---,42.92,65.2
2023-11-27T19:28:30-05:00,1221.3,---,43.89,65.7
2023-11-27T20:09:30-05:00,1704.4,---,48.6,66
2023-11-27T20:49:30-05:00,1851.1,---,48.8,66.9
2023-11-27T21:29:30-05:00,1232.2,---,43.72,66.9
2023-11-27T22:09:30-05:00,1048.1,---,42.1,65.8
2023-11-27T22:49:31-05:00,831.5,---,42.13,64.3
2023-11-27T23:29:31-05:00,693.5,---,42.26,63.3
2023-11-28T00:09:31-05:00,608.3,---,41.64,62.6
2023-11-28T00:49:31-05:00,594.3,---,41.64,61.8
2023-11-28T01:29:31-05:00,544.3,---,41.63,61.3
2023-11-28T02:09:31-05:00,510.8,---,40.33,61.3
2023-11-28T02:49:31-05:00,492.1,---,41.12,60.3
2023-11-28T03:29:31-05:00,464.3,---,40.76,59.6
2023-11-28T04:10:00-05:00,---,---,---,---
2023-11-28T04:50:00-05:00,---,---,---,---
2023-11-28T05:30:00-05:00,---,---,---,---
2023-11-28T06:10:00-05:00,---,---,---,---
2023-11-28T06:50:00-05:00,---,---,---,---
2023-11-28T07:30:00-05:00,---,---,---,---
2023-11-28T08:10:00-05:00,---,---,---,---
2023-11-28T08:50:00-05:00,---,---,---,---
2023-11-28T09:30:00-05:00,---,---,---,---
2023-11-28T10:10:00-05:00,---,---,---,---
2023-11-28T10:50:00-05:00,---,---,---,---
2023-11-28T11:30:34-05:00,429.4,---,35.85,64.1
2023-11-28T12:10:34-05:00,401.8,---,35.73,63.7
2023-11-28T12:50:34-05:00,420.6,---,34.6,65.3
2023-11-28T13:31:34-05:00,436.1,---,34.05,66.5
2023-11-28T14:11:34-05:00,469.3,---,34.08,67.8
2023-11-28T14:48:34-05:00,408.8,---,---,---
2023-11-28T15:22:34-05:00,390.7,---,34.47,64.1
2023-11-28T16:01:34-05:00,414.9,---,35.33,64.9
2023-11-28T16:40:34-05:00,481.8,---,35.82,64.5
2023-11-28T17:20:35-05:00,496.8,---,36.09,64.4
2023-11-28T18:00:35-05:00,1181.1,---,46.7,64.2
2023-11-28T18:41:35-05:00,1598,---,51.11,65.1
2023-11-28T19:21:35-05:00,1511.7,---,46.99,64.6
2023-11-28T20:01:35-05:00,1170.2,---,43.86,64
2023-11-28T20:41:35-05:00,873.8,---,40.07,63.8
2023-11-28T21:21:35-05:00,740.1,---,39.1,64
2023-11-28T22:01:35-05:00,728.6,---,40.31,64.1
2023-11-28T22:41:36-05:00,694.8,---,39.74,63.1
2023-11-28T23:21:36-05:00,889.1,---,41.77,61.8
2023-11-29T00:01:36-05:00,713.8,---,40.34,60.9
2023-11-29T00:41:36-05:00,592.3,---,39.27,60.5
2023-11-29T01:21:36-05:00,520.9,---,39.39,59.1
2023-11-29T02:01:36-05:00,469.3,---,38.34,59.8
2023-11-29T02:42:36-05:00,476.1,---,38.69,58.9
2023-11-29T03:22:37-05:00,456.5,---,37.61,59.4
2023-11-29T04:02:37-05:00,447.6,---,37.74,59.4
2023-11-29T04:42:37-05:00,434.8,---,37.79,59
2023-11-29T05:22:37-05:00,469.2,---,41.46,60
2023-11-29T06:02:39-05:00,516.8,---,38.87,62.2
2023-11-29T06:42:37-05:00,500.8,---,38.1,63.3
2023-11-29T07:22:37-05:00,457.8,---,35.75,63.4
2023-11-29T08:02:38-05:00,466.8,---,37.34,62.6
2023-11-29T08:42:38-05:00,559.1,---,38.06,62.4
2023-11-29T09:22:38-05:00,534,---,36.02,61.4
2023-11-29T10:03:38-05:00,483.4,---,35.24,60.7
2023-11-29T10:43:38-05:00,445.3,---,35.74,61.2
2023-11-29T11:23:38-05:00,430.8,---,33.26,65.1
2023-11-29T12:03:38-05:00,414,---,29.96,69.9
2023-11-29T12:43:38-05:00,421.8,---,29.93,67
2023-11-29T13:23:38-05:00,426,---,32.47,63.8
2023-11-29T14:03:39-05:00,410.7,---,33.41,63.3
2023-11-29T14:43:39-05:00,408.9,---,32.34,64.2
2023-11-29T15:23:39-05:00,413.2,---,32.88,63.3
2023-11-29T16:03:39-05:00,411.1,---,33.65,63.3
2023-11-29T16:43:39-05:00,467.8,---,34.04,63.3
2023-11-29T17:23:39-05:00,451.3,---,33.41,64.1
2023-11-29T18:04:39-05:00,451.3,---,33.63,63.7
2023-11-29T18:44:39-05:00,1293.8,---,40.46,64.5
2023-11-29T19:24:40-05:00,1740,---,45.29,64.5
2023-11-29T20:04:40-05:00,1004.5,---,38.73,64.8
2023-11-29T20:44:40-05:00,961,---,38.78,64.8
2023-11-29T21:24:40-05:00,770.9,---,36.78,64.4
2023-11-29T22:04:40-05:00,760.2,---,38.75,64.3
2023-11-29T22:44:40-05:00,696.6,---,38.54,62.7
2023-11-29T23:24:40-05:00,661.7,---,38.98,61.8
2023-11-30T00:04:40-05:00,686.2,---,39.17,61.1
2023-11-30T00:44:41-05:00,675.1,---,38.88,60.6
2023-11-30T01:20:00-05:00,---,---,---,---
2023-11-30T01:58:41-05:00,637.8,---,39.04,59.5
2023-11-30T02:38:41-05:00,594.9,---,39.36,59.1
2023-11-30T03:18:41-05:00,623,---,38.98,59.5
2023-11-30T03:58:41-05:00,554,---,37.72,59.6
2023-11-30T04:38:41-05:00,502.9,---,38.01,59.1
2023-11-30T05:18:41-05:00,527.2,---,37.37,59.1
2023-11-30T05:58:41-05:00,583.5,---,38.77,62.1
2023-11-30T06:38:42-05:00,544.3,---,37.16,62.8
2023-11-30T07:18:42-05:00,513,---,35.31,63.8
2023-11-30T07:58:42-05:00,674.3,---,38.39,63.3
2023-11-30T08:38:42-05:00,660.3,---,38.7,62.9
2023-11-30T09:19:42-05:00,608.8,---,35.82,63.3
2023-11-30T09:59:42-05:00,577,---,35.83,62.4
2023-11-30T10:39:42-05:00,479.2,---,34.75,63.7
2023-11-30T11:19:42-05:00,500.8,---,33.7,68.3
2023-11-30T11:59:42-05:00,507.9,---,31.89,70.3
2023-11-30T12:39:43-05:00,525.9,---,30.06,70.8
2023-11-30T13:19:43-05:00,449.6,---,29.42,72
2023-11-30T13:59:43-05:00,508.5,---,32.25,68.2
2023-11-30T14:39:43-05:00,558.8,---,34.44,65.6
2023-11-30T15:19:43-05:00,488.8,---,34.73,65.3
2023-11-30T15:59:43-05:00,437,---,34.34,67
2023-11-30T16:40:00-05:00,---,---,---,---
2023-11-30T17:20:00-05:00,---,---,---,---
2023-11-30T18:00:00-05:00,---,---,---,---
2023-11-30T18:40:00-05:00,---,---,---,---
2023-11-30T19:20:00-05:00,---,---,---,---
2023-11-30T20:00:00-05:00,---,---,---,---
2023-11-30T20:40:00-05:00,---,---,---,---
2023-11-30T21:20:00-05:00,---,---,---,---
2023-11-30T22:00:00-05:00,---,---,---,---
2023-11-30T22:40:00-05:00,---,---,---,---
2023-11-30T23:20:00-05:00,---,---,---,---
2023-12-01T00:00:44-05:00,637.3,---,39.56,65.2
2023-12-01T01:01:45-05:00,596.1,---,38.85,63.7
2023-12-01T02:02:45-05:00,553.3,---,38.9,62.7
2023-12-01T03:04:45-05:00,526.8,---,38.82,61.8
2023-12-01T04:05:45-05:00,511.8,---,38.39,61.3
2023-12-01T05:06:45-05:00,533.8,---,38.91,60.6
2023-12-01T06:08:45-05:00,603.9,---,41.13,64.7
2023-12-01T07:09:46-05:00,591.2,---,38.09,64.8
2023-12-01T08:10:00-05:00,---,---,---,---
2023-12-01T09:11:46-05:00,644.8,---,38.93,64.1
2023-12-01T10:12:46-05:00,609.3,---,38.14,63.4
2023-12-01T11:13:46-05:00,599,---,38.69,63.1
2023-12-01T12:15:47-05:00,583.9,---,38.93,62.9
2023-12-01T13:16:47-05:00,526,---,38.39,63.7
2023-12-01T14:18:47-05:00,514.2,---,39.21,62.6
2023-12-01T15:19:47-05:00,530.5,---,39.03,62.8
2023-12-01T16:20:00-05:00,---,---,---,---
2023-12-01T17:21:47-05:00,593.8,---,38.9,66.2
2023-12-01T18:22:48-05:00,1473.8,---,42.67,66.9
2023-12-01T19:23:48-05:00,1311.6,---,42.71,68.2
2023-12-01T20:25:48-05:00,1027.3,---,40.6,67.4
2023-12-01T21:26:48-05:00,907.3,---,41.04,66.2
2023-12-01T22:27:48-05:00,846.1,---,41.49,66.6
2023-12-01T23:29:48-05:00,834.4,---,40.78,66.2
2023-12-02T00:30:00-05:00,---,---,---,---
2023-12-02T01:30:49-05:00,816.9,---,40.85,65.9
2023-12-02T02:32:49-05:00,725.8,---,41.75,65.5
2023-12-02T03:33:49-05:00,670.6,---,42.33,64.4
2023-12-02T04:35:49-05:00,646.2,---,41.81,63.9
2023-12-02T05:36:49-05:00,635.4,---,41.71,63.3
2023-12-02T06:37:50-05:00,638.9,---,41.38,63.3
2023-12-02T07:39:50-05:00,631.6,---,41.44,62.5
2023-12-02T08:40:00-05:00,---,---,---,---
2023-12-02T09:40:50-05:00,1011.9,---,44.54,66.7
2023-12-02T10:42:50-05:00,823.3,---,40.97,67.4
2023-12-02T11:43:51-05:00,766.9,---,40.87,68
2023-12-02T12:44:51-05:00,937.5,---,44.27,68.2
2023-12-02T13:46:51-05:00,1048.7,---,43.91,68.2
2023-12-02T14:47:51-05:00,892.3,---,43.26,67.9
2023-12-02T15:48:51-05:00,934.7,---,44.62,67.7
2023-12-02T16:50:00-05:00,---,---,---,---
2023-12-02T17:50:52-05:00,819.3,---,43.6,68.7
2023-12-02T18:52:52-05:00,1531.3,---,46.48,68.4
2023-12-02T19:53:52-05:00,1880,---,47.98,69.1
2023-12-02T20:54:52-05:00,1625.6,---,46,70.2
2023-12-02T21:56:52-05:00,1262.7,---,44.07,69.2
2023-12-02T22:57:53-05:00,1044.3,---,44.03,67.8
2023-12-02T23:58:53-05:00,884.3,---,44.45,66.8
2023-12-03T01:00:00-05:00,---,---,---,---
2023-12-03T02:00:53-05:00,650.9,---,43.79,65.5
2023-12-03T03:01:53-05:00,609.8,---,43.83,64.7
2023-12-03T04:03:53-05:00,573.5,---,43.8,64.2
2023-12-03T05:04:54-05:00,540.5,---,43.45,63.7
2023-12-03T06:05:54-05:00,512.4,---,42.17,64.2
2023-12-03T07:07:54-05:00,556,---,43.87,63
2023-12-03T08:08:54-05:00,521.4,---,43.44,62.5
2023-12-03T09:10:00-05:00,---,---,---,---
2023-12-03T10:10:54-05:00,522,---,41.39,66.5
2023-12-03T11:11:55-05:00,994.9,---,47.53,67.8
2023-12-03T12:13:55-05:00,1115.8,---,47.24,67.4
2023-12-03T13:14:55-05:00,894.2,---,45.02,67.8
2023-12-03T14:15:56-05:00,1029.3,---,44.89,67.8
2023-12-03T15:17:55-05:00,828.3,---,43.74,68.2
2023-12-03T16:17:56-05:00,792.8,---,43.78,67.9
2023-12-03T17:18:56-05:00,689.2,---,43.8,67.3
2023-12-03T18:20:00-05:00,---,---,---,---
2023-12-03T19:20:57-05:00,688,---,43.89,66.8
2023-12-03T20:22:57-05:00,1495.9,---,51.73,68.2
2023-12-03T21:23:57-05:00,1268.4,---,47.81,68
2023-12-03T22:24:57-05:00,1055.6,---,47.61,66.8
2023-12-03T23:26:57-05:00,944.3,---,48.63,65.5
2023-12-04T00:27:58-05:00,760.4,---,47.68,64.8
2023-12-04T01:29:58-05:00,649.7,---,46.51,64.3
2023-12-04T02:30:58-05:00,596,---,46.08,63.9
2023-12-04T03:31:58-05:00,558.6,---,45.83,63.3
2023-12-04T04:32:58-05:00,539.9,---,45.56,62.8
2023-12-04T05:34:58-05:00,617.5,---,46.91,64.8
2023-12-04T06:35:59-05:00,696,---,46.44,66.1
2023-12-04T07:36:59-05:00,611.1,---,44.98,65.7
2023-12-04T08:38:59-05:00,734.1,---,46.06,66
2023-12-04T09:39:59-05:00,710.8,---,44.19,66.8
2023-12-04T10:40:59-05:00,680.7,---,43.03,68.2
2023-12-04T11:42:00-05:00,628.1,---,41.11,69.9
2023-12-04T12:43:00-05:00,636.1,---,41.49,68.4
2023-12-04T13:45:00-05:00,607.3,---,42.45,67.3
2023-12-04T14:46:01-05:00,558.3,---,37.28,71
2023-12-04T15:47:01-05:00,502.1,---,42,66.8
2023-12-04T16:49:02-05:00,904.1,---,45.25,67.3
2023-12-04T17:50:00-05:00,---,---,---,---
2023-12-04T18:50:02-05:00,1095.3,---,48.11,66.8
2023-12-04T19:52:03-05:00,1558.2,---,52.26,67
2023-12-04T20:53:03-05:00,1091.3,---,47.35,66.8
2023-12-04T21:54:04-05:00,844.7,---,45.35,66.6
2023-12-04T22:56:04-05:00,848.5,---,45.66,65.8
2023-12-04T23:57:05-05:00,747.9,---,45.03,64.5
2023-12-05T00:59:05-05:00,658,---,45.59,62.9
2023-12-05T02:00:00-05:00,---,---,---,---
2023-12-05T03:01:06-05:00,547.8,---,44.5,61.6
2023-12-05T04:03:06-05:00,507,---,43.76,61.4
2023-12-05T05:04:06-05:00,484.2,---,43.79,60.8
2023-12-05T06:05:07-05:00,628.5,---,44.57,64.4
2023-12-05T07:07:07-05:00,638.4,---,43.24,64.7
2023-12-05T08:08:07-05:00,586.4,---,42.27,65
2023-12-05T09:09:07-05:00,635.4,---,43.23,63.6
2023-12-05T10:10:07-05:00,590.6,---,42.71,62.9
2023-12-05T11:11:08-05:00,575.2,---,42.49,62.7
2023-12-05T12:12:08-05:00,505.8,---,41.79,63.3
2023-12-05T13:14:08-05:00,517.9,---,41.65,62.8
2023-12-05T14:15:08-05:00,502.2,---,40.85,63.3
2023-12-05T15:17:08-05:00,495.6,---,40.84,62.9
2023-12-05T16:18:09-05:00,458.7,---,39.78,64.6
2023-12-05T17:19:09-05:00,607.3,---,40.27,65.7
2023-12-05T18:20:09-05:00,1724.2,---,45.4,66
2023-12-05T19:21:09-05:00,1163.2,---,41.83,66.1
2023-12-05T20:22:09-05:00,1729,---,45.42,66.1
2023-12-05T21:24:10-05:00,1594.8,---,46.6,66
2023-12-05T22:25:10-05:00,1174.6,---,45.16,66.2
2023-12-05T23:26:10-05:00,1096,---,44.74,65.1
2023-12-06T00:28:10-05:00,798.6,---,43.04,63.9
2023-12-06T01:29:10-05:00,678.8,---,42.68,62.8
2023-12-06T02:30:11-05:00,584.2,---,42.48,61.7
2023-12-06T03:31:11-05:00,531.8,---,42.17,60.8
2023-12-06T04:32:11-05:00,499.3,---,41.97,60.2
2023-12-06T05:34:11-05:00,521.3,---,42.28,62.8
2023-12-06T06:35:11-05:00,580.5,---,43.22,64.4
2023-12-06T07:36:12-05:00,534.8,---,40.92,64.3
2023-12-06T08:38:12-05:00,632.2,---,42.29,64.5
2023-12-06T09:39:12-05:00,601.3,---,42.13,63.1
2023-12-06T10:40:00-05:00,---,---,---,---
2023-12-06T11:41:12-05:00,546.6,---,39.56,63.3
2023-12-06T12:42:12-05:00,501.6,---,38.13,65.5
2023-12-06T13:43:13-05:00,465.3,---,38.65,63.6
2023-12-06T14:45:13-05:00,439.1,---,38.33,63.7
2023-12-06T15:46:13-05:00,418,---,39.06,63.3
2023-12-06T16:48:13-05:00,408,---,38.77,64
2023-12-06T17:49:13-05:00,645.3,---,40.02,64.7
2023-12-06T18:50:00-05:00,---,---,---,---
2023-12-06T19:51:14-05:00,450.3,---,38.4,64
2023-12-06T20:52:14-05:00,434.9,---,38.06,63.8
2023-12-06T21:53:14-05:00,613.2,---,40.2,63.6
2023-12-06T22:55:14-05:00,708,---,41.1,62.1
2023-12-06T23:56:15-05:00,887.3,---,42.65,62.3
2023-12-07T00:57:15-05:00,649.5,---,39.9,61.9
2023-12-07T01:59:15-05:00,558,---,39.86,60.5
2023-12-07T03:00:00-05:00,---,---,---,---
2023-12-07T04:00:15-05:00,505.5,---,38.67,60.4
2023-12-07T05:02:16-05:00,503.8,---,39,59.8
2023-12-07T06:03:16-05:00,525.3,---,40.44,62.9
2023-12-07T07:05:16-05:00,521.4,---,37.27,65
2023-12-07T08:06:16-05:00,541.6,---,38.85,65
2023-12-07T09:07:16-05:00,614.9,---,38.95,63.1
2023-12-07T10:09:17-05:00,579.7,---,38.91,62
2023-12-07T11:09:17-05:00,507.8,---,37.98,62.7
2023-12-07T12:10:00-05:00,---,---,---,---
2023-12-07T13:11:17-05:00,479.8,---,37.36,62.8
2023-12-07T14:07:17-05:00,---,---,---,62.6
2023-12-07T14:41:17-05:00,455.4,---,37.67,62.6
2023-12-07T15:15:18-05:00,---,---,37.77,62.3
2023-12-07T15:56:18-05:00,458.4,---,37.3,64.3
2023-12-07T16:38:18-05:00,555.8,---,37.66,64.9
2023-12-07T17:31:19-05:00,573.3,---,36.63,66.1
2023-12-07T18:32:19-05:00,631.6,---,38.54,64.7
2023-12-07T19:34:19-05:00,848.4,---,39.14,64.8
2023-12-07T20:35:19-05:00,746.5,---,38.59,65.6
2023-12-07T21:32:19-05:00,655.9,---,38.36,65
2023-12-07T22:07:19-05:00,728.3,---,39.04,64.5
2023-12-07T22:40:20-05:00,---,---,---,63.7
2023-12-07T23:13:20-05:00,750.4,---,40.42,63.1
2023-12-07T23:57:20-05:00,676.5,---,39.65,62.7
2023-12-08T00:36:20-05:00,674.3,---,39.47,62.5
2023-12-08T01:29:21-05:00,777,---,41.03,62.3
2023-12-08T02:20:00-05:00,---,---,---,---
2023-12-08T02:53:21-05:00,653,---,40.1,61.2
2023-12-08T03:27:21-05:00,---,---,40.16,60.6
2023-12-08T03:59:21-05:00,580.9,---,40.97,60.6
2023-12-08T04:55:21-05:00,604.6,---,39.72,60.9
2023-12-08T05:57:21-05:00,644,---,40.64,64.1
2023-12-08T06:58:22-05:00,623.1,---,40.18,64.6
2023-12-08T07:59:22-05:00,603.6,---,39.38,64.9
2023-12-08T09:00:22-05:00,677.4,---,40.51,64.1
2023-12-08T10:01:22-05:00,644.3,---,39.44,64.2
2023-12-08T11:02:22-05:00,636.5,---,36.47,68.4
2023-12-08T12:04:22-05:00,587.2,---,36.09,67.2
2023-12-08T13:05:22-05:00,617.4,---,31.34,72.4
2023-12-08T14:06:23-05:00,612.6,---,29.19,75.8
2023-12-08T15:08:23-05:00,613.8,---,32.74,72.1
2023-12-08T16:07:23-05:00,529,---,35.73,69.6
2023-12-08T17:09:23-05:00,601.4,---,37.41,68.1
2023-12-08T18:10:00-05:00,---,---,---,---
2023-12-08T19:10:24-05:00,1620.1,---,43.43,68.8
2023-12-08T20:12:24-05:00,1705.7,---,44.75,69
2023-12-08T21:13:24-05:00,1306.5,---,42.78,68.3
2023-12-08T22:14:24-05:00,1125.9,---,42.19,67.2
2023-12-08T23:16:24-05:00,1043.3,---,43.04,66.4
2023-12-09T00:17:24-05:00,965.8,---,42.42,66.3
2023-12-09T01:18:25-05:00,865.3,---,41.95,65.7
2023-12-09T02:20:00-05:00,---,---,---,---
2023-12-09T03:20:25-05:00,724.2,---,42,64.2
2023-12-09T04:21:25-05:00,660.8,---,41.55,63.9
2023-12-09T05:23:25-05:00,642.7,---,41.43,63.9
2023-12-09T06:24:26-05:00,616.8,---,40.99,63.8
2023-12-09T07:26:26-05:00,637.5,---,41.1,63.6
2023-12-09T08:27:26-05:00,656.6,---,42.52,66.5
2023-12-09T09:28:26-05:00,744.9,---,41.1,68.2
2023-12-09T10:30:00-05:00,---,---,---,---
2023-12-09T11:30:26-05:00,814.8,---,39.79,68.6
2023-12-09T12:31:27-05:00,956.9,---,37.5,73.2
2023-12-09T13:33:27-05:00,783.2,---,36.66,72.4
2023-12-09T14:34:27-05:00,1074.3,---,42.68,70.5
2023-12-09T15:35:27-05:00,1034.9,---,42.02,69.3
2023-12-09T16:37:27-05:00,1054.6,---,42.41,68.8
2023-12-09T17:38:28-05:00,1187.3,---,44.28,68.1
2023-12-09T18:39:28-05:00,1194.8,---,44.75,67.9
2023-12-09T19:40:28-05:00,1180.6,---,44.52,67.9
2023-12-09T20:41:28-05:00,979.9,---,43.22,68
2023-12-09T21:43:28-05:00,1029.6,---,43.87,68.3
2023-12-09T22:45:28-05:00,1111.2,---,44.39,67.9
2023-12-09T23:46:29-05:00,1046.9,---,43.56,67.6
2023-12-10T00:48:29-05:00,988.9,---,43.82,66.8
2023-12-10T01:49:29-05:00,904.4,---,44.17,66.3
2023-12-10T02:50:00-05:00,---,---,---,---
2023-12-10T03:51:29-05:00,750.1,---,44.13,65.5
2023-12-10T04:52:29-05:00,683,---,43.65,65.1
2023-12-10T05:53:30-05:00,653,---,43.54,64.8
2023-12-10T06:55:30-05:00,762.3,---,44.29,64.6
2023-12-10T07:56:30-05:00,805.3,---,44.41,64.3
2023-12-10T08:57:30-05:00,738.1,---,44.48,67.9
2023-12-10T09:59:30-05:00,1645.6,---,51.73,68.4
2023-12-10T11:00:31-05:00,2075.5,---,50.85,69.2
2023-12-10T12:06:31-05:00,1788.8,---,47.05,69.3
2023-12-10T13:07:31-05:00,1397.9,---,46.72,68.2
2023-12-10T14:08:31-05:00,1441.1,---,51.15,68.1
2023-12-10T15:10:00-05:00,---,---,---,---
2023-12-10T16:10:31-05:00,1770.8,---,50.3,68.2
2023-12-10T17:11:32-05:00,1793.9,---,49.33,68.2
2023-12-10T18:13:32-05:00,1548.8,---,46.85,68.2
2023-12-10T19:16:32-05:00,2418.3,---,50.85,68.9
2023-12-10T20:23:32-05:00,2409.3,---,51.89,69.6
2023-12-10T21:31:32-05:00,2132.8,---,50.3,69.3
2023-12-10T22:37:33-05:00,1866.3,---,48.07,69.5
2023-12-10T23:39:33-05:00,1622.8,---,46.86,69.2
2023-12-11T00:40:00-05:00,---,---,---,---
2023-12-11T01:40:33-05:00,972.4,---,47.01,67.3
2023-12-11T08:57:30-05:00,579,---,41.72,66.4
2023-12-11T09:56:30-05:00,562.5,---,42.99,64.3
2023-12-11T10:34:30-05:00,547,---,42.26,64.7
2023-12-11T11:10:30-05:00,---,---,---,65
2023-12-11T11:43:30-05:00,539.7,---,40.94,64.8
2023-12-11T12:16:30-05:00,---,---,42.07,63.8
2023-12-11T12:53:30-05:00,556.8,---,44.33,63.2
2023-12-11T13:50:00-05:00,---,---,---,---
2023-12-11T14:50:00-05:00,---,---,---,---
2023-12-11T15:50:31-05:00,544.6,---,41.45,65.7
2023-12-11T16:51:31-05:00,687.8,---,42.32,66
2023-12-11T17:53:31-05:00,1773.8,---,45.38,67.7
2023-12-11T18:54:32-05:00,1539,---,46.63,66.8
2023-12-11T19:55:32-05:00,896.4,---,43.13,66
2023-12-11T20:56:32-05:00,866.2,---,41.68,66.8
2023-12-11T21:57:33-05:00,869.1,---,43.1,66.8
2023-12-11T22:58:33-05:00,718.3,---,41.81,65
2023-12-12T00:00:00-05:00,---,---,---,---
2023-12-12T01:00:33-05:00,652.5,---,41.69,63.4
2023-12-12T02:01:33-05:00,588.5,---,41.81,62.4
2023-12-12T03:03:33-05:00,541.4,---,41.21,61.8
2023-12-12T04:04:34-05:00,513.6,---,39.97,62
2023-12-12T05:05:34-05:00,539.3,---,41.81,61
2023-12-12T06:07:34-05:00,574.5,---,43.1,63.9
2023-12-12T07:20:00-05:00,---,---,---,---
2023-12-12T08:40:00-05:00,---,---,---,---
2023-12-12T09:40:31-05:00,635.6,---,36.99,65.2
2023-12-12T10:41:31-05:00,580.1,---,38.5,63.9
2023-12-12T11:43:31-05:00,556.5,---,34.18,69.9
2023-12-12T12:44:31-05:00,549.7,---,30.39,74
2023-12-12T13:45:31-05:00,528.4,---,30.97,73.7
2023-12-12T14:47:32-05:00,535,---,30.76,73.4
2023-12-12T15:48:32-05:00,461.8,---,35.55,67.4
2023-12-12T16:49:32-05:00,688.8,---,38.52,68.2
2023-12-12T17:50:33-05:00,853.5,---,41.09,66.9
2023-12-12T18:51:33-05:00,1421.4,---,48.57,66.7
2023-12-12T19:52:33-05:00,1267.8,---,47.35,66.8
2023-12-12T20:54:33-05:00,1019.9,---,43.8,66.4
2023-12-12T21:55:33-05:00,933.2,---,44.07,66
2023-12-12T22:57:33-05:00,877.9,---,44.31,64.9
2023-12-12T23:58:33-05:00,1016.1,---,45.54,64
2023-12-13T00:59:34-05:00,792.6,---,43.92,62.9
2023-12-13T02:00:34-05:00,662.3,---,42.71,62.3
2023-12-13T03:01:34-05:00,610.8,---,42.47,61.5
2023-12-13T04:02:34-05:00,550.8,---,41.87,60.9
2023-12-13T05:04:34-05:00,585.4,---,42.29,61.1
2023-12-13T06:05:34-05:00,576.9,---,41.79,63.9
2023-12-13T07:06:35-05:00,594.3,---,40.33,64.4
2023-12-13T08:08:35-05:00,572.5,---,39.64,64.5
2023-12-13T09:09:35-05:00,641.1,---,40.52,63.7
2023-12-13T10:10:00-05:00,---,---,---,---
2023-12-13T11:11:35-05:00,486.8,---,35.66,66.4
2023-12-13T12:12:35-05:00,527,---,35.44,67
2023-12-13T13:14:36-05:00,500.6,---,35.24,66.2
2023-12-13T14:15:36-05:00,503.9,---,35.28,66.7
2023-12-13T15:16:36-05:00,427.8,---,35.3,65.6
2023-12-13T16:18:36-05:00,434.5,---,35.4,66.4
2023-12-13T17:19:36-05:00,551.5,---,36.32,65.6
2023-12-13T18:20:00-05:00,---,---,---,---
2023-12-13T19:21:37-05:00,1251.3,---,40.35,66.3
2023-12-13T20:22:37-05:00,1328.3,---,40.13,66.7
2023-12-13T21:23:37-05:00,947.8,---,37.83,66.4
2023-12-13T22:25:37-05:00,956.4,---,39.33,65.3
2023-12-13T23:26:38-05:00,774.8,---,40.61,63.3
2023-12-14T00:28:38-05:00,617.4,---,40.03,62.6
2023-12-14T01:29:38-05:00,562.6,---,39.39,61.6
2023-12-14T02:30:00-05:00,---,---,---,---
2023-12-14T03:31:38-05:00,508.8,---,37.69,61.5
2023-12-14T04:32:38-05:00,495.7,---,38.01,61
2023-12-14T05:33:39-05:00,559.3,---,40.75,62.6
2023-12-14T06:35:39-05:00,579.9,---,37.68,64.7
2023-12-14T07:36:39-05:00,631.3,---,38.17,64.7
2023-12-14T08:37:39-05:00,727.8,---,40.87,63.5
2023-12-14T09:39:39-05:00,596.6,---,36.95,63.9
2023-12-14T10:40:00-05:00,---,---,---,---
2023-12-14T11:40:40-05:00,513,---,35.31,64.8
2023-12-14T12:42:40-05:00,501.6,---,33.31,68.5
2023-12-14T13:43:40-05:00,476.3,---,29.26,71.9
2023-12-14T14:45:40-05:00,477,---,29.68,71.2
2023-12-14T15:46:41-05:00,436.3,---,33.79,67.6
2023-12-14T16:47:41-05:00,506.6,---,34.22,67.7
2023-12-14T17:49:41-05:00,566.3,---,35.4,66.6
2023-12-14T18:50:00-05:00,---,---,---,---
2023-12-14T19:50:41-05:00,1730.3,---,48.72,66.3
2023-12-14T20:52:41-05:00,1080.4,---,41.15,65.1
2023-12-14T21:53:41-05:00,882.3,---,38.77,65.4
2023-12-14T22:54:42-05:00,862.3,---,39.95,63.6
2023-12-14T23:56:42-05:00,848.8,---,41.95,62.1
2023-12-15T00:57:42-05:00,708.8,---,40.71,61.3
2023-12-15T01:58:42-05:00,623.8,---,39.76,60
2023-12-15T03:00:00-05:00,---,---,---,---
2023-12-15T04:00:43-05:00,555.4,---,34.47,63.5
2023-12-15T05:02:43-05:00,543.3,---,37.44,60
2023-12-15T06:03:43-05:00,602.9,---,38.14,63.3
2023-12-15T07:04:43-05:00,595.3,---,37.23,63.5
2023-12-15T08:06:43-05:00,597.3,---,36.09,64.3
2023-12-15T09:07:44-05:00,857.8,---,38.24,64.1
2023-12-15T10:08:44-05:00,726.8,---,36.86,63.3
2023-12-15T11:10:00-05:00,---,---,---,---
2023-12-15T12:10:45-05:00,655.8,---,28.63,73.5
2023-12-15T13:11:45-05:00,673.6,---,28.58,74.1
2023-12-15T14:13:45-05:00,694.3,---,28.29,75.3
2023-12-15T15:14:46-05:00,702.5,---,31.14,72.4
2023-12-15T16:15:46-05:00,592.6,---,33.05,71.3
2023-12-15T17:17:46-05:00,583.6,---,34.63,69.5
2023-12-15T18:18:46-05:00,1068.3,---,39.56,68.6
2023-12-15T19:20:00-05:00,---,---,---,---
2023-12-15T20:20:47-05:00,833.6,---,39.26,67.2
2023-12-15T21:21:47-05:00,788.3,---,39.27,66.8
2023-12-15T22:23:47-05:00,845.3,---,40.72,65.1
2023-12-15T23:24:47-05:00,845.4,---,41.99,64
2023-12-16T00:25:47-05:00,760.5,---,41.46,62.7
2023-12-16T01:27:47-05:00,769,---,41.34,61.9
2023-12-16T02:28:48-05:00,628.5,---,40.33,61.3
2023-12-16T03:30:00-05:00,---,---,---,---
2023-12-16T04:31:48-05:00,546.9,---,38.82,60.6
2023-12-16T05:32:48-05:00,543.8,---,38.5,60.4
2023-12-16T06:34:48-05:00,561.8,---,38.1,60.6
2023-12-16T07:36:49-05:00,554.1,---,37.87,60.6
2023-12-16T08:37:49-05:00,576.1,---,40.06,62.4
2023-12-16T09:39:49-05:00,670.6,---,38.01,65.4
2023-12-16T10:40:00-05:00,---,---,---,---
2023-12-16T11:40:49-05:00,1015.9,---,41.12,70.4
2023-12-16T12:42:50-05:00,1044.5,---,32.4,74.1
2023-12-16T13:43:50-05:00,943.1,---,32.18,75.1
2023-12-16T14:44:50-05:00,830.9,---,33.31,72.9
2023-12-16T15:46:50-05:00,752.6,---,37.41,68.7
2023-12-16T16:48:51-05:00,757.8,---,39.13,67.3
2023-12-16T17:49:51-05:00,868.9,---,40.52,66.2
2023-12-16T18:50:51-05:00,841.7,---,40.4,66.6
2023-12-16T19:51:51-05:00,1124.1,---,42.44,66.7
2023-12-16T20:53:51-05:00,972.8,---,43.23,65.8
2023-12-16T21:54:51-05:00,859.6,---,40.96,65.7
2023-12-16T22:55:52-05:00,981.9,---,43.08,65.3
2023-12-16T23:57:52-05:00,874.5,---,42.46,64.3
2023-12-17T00:58:52-05:00,816.3,---,41.56,64
2023-12-17T01:59:52-05:00,722.4,---,41.07,63.3
2023-12-17T03:00:53-05:00,674,---,40.11,63.5
2023-12-17T04:01:53-05:00,598.3,---,40.44,62.2
2023-12-17T05:02:53-05:00,584.3,---,40.75,61.8
2023-12-17T06:04:53-05:00,550.6,---,40.24,61.5
2023-12-17T07:05:53-05:00,714.3,---,40.8,62.3
2023-12-17T08:06:54-05:00,748.6,---,41.01,61.7
2023-12-17T09:08:54-05:00,654.3,---,42.02,65.7
2023-12-17T10:09:54-05:00,709,---,41.37,67
2023-12-17T11:10:54-05:00,1803.3,---,45.15,68.8
2023-12-17T12:11:54-05:00,1304.8,---,42.93,68.6
2023-12-17T13:12:54-05:00,1101.3,---,42.87,68.7
2023-12-17T14:14:55-05:00,748.9,---,41.89,69.2
2023-12-17T15:15:55-05:00,723.3,---,41.61,67.8
2023-12-17T16:16:55-05:00,687.9,---,42.34,67.7
2023-12-17T17:18:55-05:00,1098.3,---,45.48,68.6
2023-12-17T18:20:56-05:00,2166.3,---,50.92,68.6
2023-12-17T19:27:56-05:00,2167.5,---,53.14,69.9
2023-12-17T20:30:56-05:00,1503.9,---,46.99,68.8
2023-12-17T21:31:56-05:00,1336.8,---,46.7,68.8
2023-12-17T22:32:57-05:00,1333.5,---,46.19,68.2
2023-12-17T23:34:57-05:00,1234.7,---,48.86,67.4
2023-12-18T00:35:57-05:00,994,---,46.29,66.7
2023-12-18T01:37:57-05:00,846.8,---,46.02,65.8
2023-12-18T02:38:57-05:00,754,---,45.38,65.4
2023-12-18T03:39:58-05:00,704.8,---,45.26,64.9
2023-12-18T04:40:58-05:00,647.8,---,45.45,64.3
2023-12-18T05:41:58-05:00,690.2,---,45.5,67.2
2023-12-18T06:42:58-05:00,782.4,---,46.8,66.5
2023-12-18T07:44:58-05:00,617.6,---,46.51,66.6
2023-12-18T08:45:58-05:00,793.2,---,46.41,66.2
2023-12-18T09:46:59-05:00,738.3,---,46.26,65.5
2023-12-18T10:48:59-05:00,679.3,---,45.73,65.6
2023-12-18T11:49:59-05:00,636.7,---,44.2,66.3
2023-12-18T12:50:00-05:00,---,---,---,---
2023-12-18T13:51:59-05:00,587.1,---,43.93,65.5
2023-12-18T14:53:00-05:00,574.2,---,43.92,64.9
2023-12-18T15:55:00-05:00,485.1,---,43.42,66.1
2023-12-18T16:54:00-05:00,880.8,---,45.51,67.6
2023-12-18T17:55:00-05:00,734.1,---,44.03,66.6
2023-12-18T18:57:00-05:00,1163.9,---,46.49,66.7
2023-12-18T19:58:01-05:00,2039.5,---,50.47,66.8
2023-12-18T20:59:01-05:00,1515,---,48.38,66.4
2023-12-18T22:00:01-05:00,1130.1,---,47.47,66
2023-12-18T23:01:01-05:00,922.8,---,44.99,64.4
2023-12-19T00:02:01-05:00,917.2,---,45.76,63.5
2023-12-19T01:04:02-05:00,753.7,---,45.22,63
2023-12-19T02:05:02-05:00,625,---,44.46,62.4
2023-12-19T03:07:02-05:00,560.1,---,44.47,61.6
2023-12-19T04:08:02-05:00,511.8,---,43.86,61.1
2023-12-19T05:09:02-05:00,552.7,---,44.38,60.5
2023-12-19T06:10:02-05:00,634.3,---,43.97,64.4
2023-12-19T07:11:03-05:00,575.8,---,42.13,64.5
2023-12-19T08:12:03-05:00,559.1,---,42.16,64.7
2023-12-19T09:12:03-05:00,651.3,---,42.81,63.3
2023-12-19T10:11:03-05:00,609.7,---,42.77,62.3
2023-12-19T11:12:03-05:00,500.3,---,41.64,62.6
2023-12-19T12:14:04-05:00,456.4,---,41.11,61.8
2023-12-19T13:15:04-05:00,446.9,---,40.41,62.2
2023-12-19T14:16:04-05:00,464,---,39.74,62.4
2023-12-19T15:18:04-05:00,433.8,---,39.67,61.7
2023-12-19T16:19:04-05:00,444.7,---,37.29,64.5
2023-12-19T17:20:04-05:00,453.3,---,36.78,64.2
2023-12-19T18:21:05-05:00,965.8,---,41.49,64.8
2023-12-19T19:22:05-05:00,1294.2,---,45.89,64.9
2023-12-19T20:24:05-05:00,938.1,---,40.89,64.9
2023-12-19T21:25:05-05:00,737.4,---,38.95,65
2023-12-19T22:26:05-05:00,778.2,---,40.44,63.3
2023-12-19T23:28:05-05:00,837.8,---,41.39,61.6
2023-12-20T00:29:06-05:00,783.8,---,41.39,60.8
2023-12-20T01:28:06-05:00,714.8,---,41.53,59.4
2023-12-20T02:22:06-05:00,651.2,---,40.5,59.7
2023-12-20T03:23:06-05:00,625.7,---,40.29,59.4
2023-12-20T04:24:06-05:00,578.6,---,39.75,59.6
2023-12-20T05:26:06-05:00,533.8,---,40.89,59.7
2023-12-20T06:29:07-05:00,525.9,---,37.9,63.2
2023-12-20T07:30:07-05:00,492,---,36.7,63.3
2023-12-20T08:31:07-05:00,692.3,---,39.52,63.3
2023-12-20T09:32:07-05:00,603.5,---,38.4,61.5
2023-12-20T10:34:07-05:00,512.3,---,37.46,62.2
2023-12-20T11:35:07-05:00,478,---,36.88,62
2023-12-20T12:36:08-05:00,470.8,---,36.8,62.3
2023-12-20T13:38:08-05:00,459,---,35.37,64.5
2023-12-20T14:39:08-05:00,438.2,---,33.92,65.7
2023-12-20T15:40:00-05:00,---,---,---,---
2023-12-20T16:41:08-05:00,648.1,---,37.46,66
2023-12-20T17:42:09-05:00,580.5,---,35.9,66
2023-12-20T18:43:09-05:00,1239.3,---,39.23,66.2
2023-12-20T19:45:09-05:00,1670.8,---,44.7,66.4
2023-12-20T20:46:09-05:00,989.5,---,38.69,66.5
2023-12-20T21:46:09-05:00,866,---,39.32,65.6
2023-12-20T22:47:10-05:00,890.5,---,40.15,64
2023-12-20T23:48:10-05:00,915.3,---,40.9,62.3
2023-12-21T00:50:00-05:00,---,---,---,---
2023-12-21T01:50:10-05:00,640.8,---,39.88,61
2023-12-21T02:51:10-05:00,610.9,---,39.34,60.5
2023-12-21T03:53:10-05:00,600.9,---,38.83,61
2023-12-21T04:54:10-05:00,576.5,---,38.53,61.3
2023-12-21T05:55:11-05:00,509.6,---,37.42,62.8
2023-12-21T06:57:11-05:00,538.1,---,36.32,65
2023-12-21T07:58:11-05:00,555.1,---,37.26,64.1
2023-12-21T08:56:11-05:00,701.7,---,40.08,63.3
2023-12-21T09:57:11-05:00,533.5,---,37.82,63.9
2023-12-21T10:58:12-05:00,600.9,---,36.79,67.7
2023-12-21T12:00:00-05:00,---,---,---,---
2023-12-21T13:00:12-05:00,627.8,---,28.56,76.7
2023-12-21T14:01:12-05:00,596.6,---,28.26,76.9
2023-12-21T15:03:12-05:00,741.1,---,30.51,74
2023-12-21T16:04:12-05:00,598.1,---,36.07,67.7
2023-12-21T17:05:13-05:00,683.3,---,37.04,66.4
2023-12-21T18:07:13-05:00,777.7,---,37.77,66.5
2023-12-21T19:08:13-05:00,864.8,---,37.98,65.4
2023-12-21T20:09:13-05:00,1022.8,---,39.14,65
2023-12-21T21:10:13-05:00,731,---,36.98,65
2023-12-21T22:11:14-05:00,730.6,---,37.46,64
2023-12-21T23:06:14-05:00,737.7,---,38.74,62.2
2023-12-22T00:07:14-05:00,660.6,---,37.85,61.4
2023-12-22T01:08:14-05:00,668.5,---,37.95,60.4
2023-12-22T02:10:00-05:00,---,---,---,---
2023-12-22T03:11:14-05:00,528.3,---,36.1,60
2023-12-22T04:12:15-05:00,512.2,---,35.18,60
2023-12-22T05:14:15-05:00,492.4,---,35.01,59.8
2023-12-22T06:15:15-05:00,478.7,---,33.53,62.2
2023-12-22T07:16:15-05:00,470.7,---,32.96,63.3
2023-12-22T08:18:15-05:00,487,---,33.14,63.2
2023-12-22T09:19:15-05:00,566.9,---,35.16,62.7
2023-12-22T10:20:00-05:00,---,---,---,---
2023-12-22T11:21:16-05:00,591.6,---,32.67,64.3
2023-12-22T12:22:16-05:00,684.9,---,32.94,66.8
2023-12-22T13:22:16-05:00,700.3,---,31.13,70.9
2023-12-22T14:23:16-05:00,735.7,---,27.08,75.7
2023-12-22T15:25:17-05:00,725.5,---,34.13,68.9
2023-12-22T16:27:17-05:00,928,---,36.42,65.1
2023-12-22T17:28:17-05:00,699.8,---,36.55,65.1
2023-12-22T18:29:17-05:00,575.7,---,36.78,64.4
2023-12-22T19:30:17-05:00,1070.5,---,39.69,64.6
2023-12-22T20:31:17-05:00,942,---,37.76,64.3
2023-12-22T21:32:18-05:00,786.3,---,37.63,64.5
2023-12-22T22:34:18-05:00,834,---,39.31,62.9
2023-12-22T23:35:18-05:00,986.4,---,40.16,62.3
2023-12-23T00:36:18-05:00,902.1,---,40.55,62
2023-12-23T01:38:18-05:00,793.2,---,39.27,61.3
2023-12-23T02:39:19-05:00,720.2,---,39.3,60.5
2023-12-23T03:40:19-05:00,677.1,---,38.9,60.2
2023-12-23T04:41:19-05:00,671.8,---,38.63,60.8
2023-12-23T05:42:19-05:00,652,---,38.91,60.5
2023-12-23T06:44:19-05:00,642.9,---,38.93,60.4
2023-12-23T07:45:19-05:00,668.8,---,39.21,60.5
2023-12-23T08:46:19-05:00,620.7,---,42.13,63.6
2023-12-23T09:48:20-05:00,649.2,---,38.88,65
2023-12-23T10:49:20-05:00,591.8,---,38.07,65.7
2023-12-23T11:50:00-05:00,---,---,---,---
2023-12-23T12:51:20-05:00,955.1,---,39.75,66.1
2023-12-23T13:52:20-05:00,1138.7,---,40.93,65.6
2023-12-23T14:53:21-05:00,845.4,---,40.15,66.1
2023-12-23T15:55:21-05:00,812.2,---,38.62,66
2023-12-23T16:56:21-05:00,1346.6,---,43.25,65.3
2023-12-23T17:58:21-05:00,1497.4,---,47.59,65.2
2023-12-23T18:59:21-05:00,1616.7,---,49.26,65.6
2023-12-23T20:00:00-05:00,---,---,---,---
2023-12-23T21:01:22-05:00,1166.8,---,44.16,64.7
2023-12-23T22:02:22-05:00,1096.1,---,43.38,65.4
2023-12-23T23:03:22-05:00,1109.6,---,44.48,64.2
2023-12-24T00:05:22-05:00,1033,---,43.87,64.6
2023-12-24T01:06:22-05:00,911.1,---,42.63,65.1
2023-12-24T02:07:22-05:00,872.1,---,42.63,64.8
2023-12-24T03:09:23-05:00,785.3,---,41.97,63.9
2023-12-24T04:10:00-05:00,---,---,---,---
2023-12-24T05:11:23-05:00,661,---,41.75,62.3
2023-12-24T06:12:23-05:00,664.6,---,41.87,61.8
2023-12-24T07:13:23-05:00,673.3,---,42.07,60.8
2023-12-24T08:15:23-05:00,607.6,---,41.57,61.2
2023-12-24T09:16:24-05:00,737.6,---,43.16,64.4
2023-12-24T10:17:24-05:00,1770.3,---,52.61,66.4
2023-12-24T11:19:24-05:00,1029.3,---,41.42,66.9
2023-12-24T12:20:00-05:00,---,---,---,---
2023-12-24T13:20:24-05:00,1159.4,---,43.49,66.8
2023-12-24T14:22:25-05:00,1086.7,---,43.67,67.3
2023-12-24T15:23:25-05:00,1406.8,---,45.12,66.6
2023-12-24T16:24:25-05:00,1115.2,---,44.42,67.9
2023-12-24T17:25:25-05:00,1486.2,---,46.28,68.7
2023-12-24T18:26:25-05:00,1792.8,---,48.5,68.2
2023-12-24T19:33:26-05:00,1972,---,51.93,68.9
2023-12-24T20:40:26-05:00,2664,---,53.76,69.3
2023-12-24T21:46:26-05:00,1840.7,---,48.39,68.9
2023-12-24T22:48:26-05:00,1593.9,---,48.56,67.4
2023-12-24T23:49:26-05:00,1660.1,---,47.24,67.5
2023-12-25T00:50:00-05:00,---,---,---,---
2023-12-25T01:51:27-05:00,1071.5,---,46.28,66.3
2023-12-25T02:52:28-05:00,988.6,---,46.18,65.2
2023-12-25T03:53:28-05:00,875.6,---,45.65,64.5
2023-12-25T04:55:29-05:00,743.3,---,45.25,63.7
2023-12-25T05:56:29-05:00,701.9,---,43.58,65.3
2023-12-25T06:57:29-05:00,682.1,---,43.06,65.8
2023-12-25T07:59:30-05:00,684.7,---,43.11,66.4
2023-12-25T09:00:00-05:00,---,---,---,---
2023-12-25T10:01:29-05:00,1806.1,---,48.3,69.8
2023-12-25T11:02:30-05:00,1523.2,---,45.43,71.6
2023-12-25T12:03:30-05:00,1477.3,---,42.48,72.4
2023-12-25T13:05:30-05:00,1992.3,---,46.09,75.2
2023-12-25T14:08:30-05:00,1946.6,---,43.51,76.3
2023-12-25T15:09:30-05:00,1817.3,---,45.55,73.2
2023-12-25T16:15:31-05:00,2021.8,---,49.15,71.9
2023-12-25T17:16:31-05:00,1533.9,---,47.54,69.8
2023-12-25T18:17:31-05:00,1118.5,---,47.09,68.1
2023-12-25T19:19:31-05:00,883,---,47.28,66.8
2023-12-25T20:20:00-05:00,---,---,---,---
2023-12-25T21:20:31-05:00,1701.6,---,53.25,65.8
2023-12-25T22:30:08-05:00,1919,---,52.32,66.3
2023-12-25T23:30:00-05:00,---,---,---,---
2023-12-26T08:40:52-05:00,767.9,---,44.61,65
2023-12-26T09:40:00-05:00,---,---,---,---
2023-12-26T10:40:52-05:00,676,---,45.01,64
2023-12-26T11:42:52-05:00,587.9,---,44.22,64
2023-12-26T12:43:53-05:00,528.3,---,43.94,64.2
2023-12-26T13:44:53-05:00,481.2,---,43.51,64.2
2023-12-26T14:46:53-05:00,454.3,---,43.8,63.9
2023-12-26T15:47:53-05:00,417.1,---,44.25,64.1
2023-12-26T16:48:54-05:00,401.3,---,42.03,67.2
2023-12-26T17:50:00-05:00,---,---,---,---
2023-12-26T18:50:54-05:00,378.1,---,43.57,66.4
2023-12-26T19:51:54-05:00,370.8,---,43.57,66.6
2023-12-26T20:53:54-05:00,471.5,---,45.04,65.6
2023-12-26T21:54:54-05:00,632.1,---,45.46,66.1
2023-12-26T22:56:54-05:00,569.8,---,45.48,65.5
2023-12-26T23:57:55-05:00,536.4,---,45.51,65.3
2023-12-27T00:58:55-05:00,524.1,---,45.09,65.2
2023-12-27T02:00:00-05:00,---,---,---,---
2023-12-27T03:00:55-05:00,535.8,---,45.09,64.3
2023-12-27T04:01:55-05:00,523.3,---,45.11,63.9
2023-12-27T05:03:55-05:00,522.6,---,44.91,63.6
2023-12-27T06:04:56-05:00,510.5,---,44.19,66.4
2023-12-27T07:05:56-05:00,508.8,---,42.98,67.4
2023-12-27T08:07:56-05:00,510.1,---,43.29,66.9
2023-12-27T09:08:56-05:00,676.3,---,45.89,66.2
2023-12-27T10:10:00-05:00,---,---,---,---
2023-12-27T11:10:57-05:00,581,---,44.88,65.5
2023-12-27T12:11:57-05:00,548.7,---,44.09,65.8
2023-12-27T13:13:57-05:00,522,---,43.21,66.6
2023-12-27T14:14:57-05:00,519.3,---,43.67,66.3
2023-12-27T15:15:58-05:00,523,---,43.95,65.8
2023-12-27T16:17:58-05:00,520.1,---,43.18,68.5
2023-12-27T17:18:58-05:00,535.7,---,44.39,67.9
2023-12-27T18:19:58-05:00,804.4,---,45.93,66.7
2023-12-27T19:20:58-05:00,1621.1,---,49.5,68.3
2023-12-27T20:21:59-05:00,1480.5,---,48.34,68
2023-12-27T21:22:59-05:00,1453,---,48.36,67.5
2023-12-27T22:24:59-05:00,1301.5,---,48.13,67
2023-12-27T23:25:59-05:00,1121.8,---,48.55,66.6
2023-12-28T00:27:59-05:00,957.7,---,47.73,66.1
2023-12-28T01:29:00-05:00,812.8,---,47.05,65.7
2023-12-28T02:30:00-05:00,---,---,---,---
2023-12-28T03:31:00-05:00,647.4,---,46.74,64.8
2023-12-28T04:32:00-05:00,613.2,---,46.53,64.6
2023-12-28T05:33:00-05:00,583.3,---,46.51,64.2
2023-12-28T06:35:01-05:00,541,---,44.83,67.1
2023-12-28T07:36:01-05:00,528.8,---,44.9,67
2023-12-28T08:37:01-05:00,506.1,---,45.16,67
2023-12-28T09:39:01-05:00,588,---,46.12,66.3
2023-12-28T10:40:00-05:00,---,---,---,---
2023-12-28T11:40:01-05:00,570.2,---,44,67.7
2023-12-28T12:42:02-05:00,534.1,---,44.3,67.3
2023-12-28T13:43:02-05:00,505.7,---,43.42,68.3
2023-12-28T14:42:02-05:00,518.6,---,45.05,66.6
2023-12-28T15:43:02-05:00,480,---,46.32,66
2023-12-28T16:44:02-05:00,468.3,---,45.24,66.9
2023-12-28T17:46:03-05:00,445.4,---,45.36,67.2
2023-12-28T18:47:03-05:00,425.9,---,45.45,67.4
2023-12-28T19:48:03-05:00,427.1,---,45.94,66.5
2023-12-28T20:50:00-05:00,---,---,---,---
2023-12-28T21:50:03-05:00,517.1,---,46.25,67.2
2023-12-28T22:51:04-05:00,689.3,---,47.16,66.5
2023-12-28T23:53:04-05:00,704.5,---,47.24,66
2023-12-29T00:54:04-05:00,629.4,---,47.49,65.2
2023-12-29T01:55:04-05:00,565.2,---,47.24,64.9
2023-12-29T02:57:04-05:00,535.8,---,46.99,64.6
2023-12-29T03:58:04-05:00,512.2,---,47.08,64.2
2023-12-29T05:00:00-05:00,---,---,---,---
2023-12-29T06:00:05-05:00,477,---,46.65,65.9
2023-12-29T07:01:05-05:00,476.6,---,46.04,66.5
2023-12-29T08:03:05-05:00,468.8,---,45.84,66.6
2023-12-29T09:04:05-05:00,477.4,---,45.8,65.8
2023-12-29T10:05:05-05:00,630,---,47.47,65.9
2023-12-29T11:07:06-05:00,664.7,---,46.26,65.4
2023-12-29T12:08:06-05:00,614.4,---,45.94,65.2
2023-12-29T13:09:06-05:00,758.5,---,46.47,65.2
2023-12-29T14:10:06-05:00,623.4,---,45.9,64.6
2023-12-29T15:11:06-05:00,565.8,---,46.59,63.9
2023-12-29T16:13:07-05:00,450.6,---,44.8,67
2023-12-29T17:14:07-05:00,430,---,44.38,67
2023-12-29T18:15:07-05:00,423.2,---,45.39,66.2
2023-12-29T19:17:07-05:00,408,---,45.22,66.2
2023-12-29T20:18:07-05:00,401.7,---,45.33,66
2023-12-29T21:19:08-05:00,394.3,---,45.12,65.3
2023-12-29T22:20:08-05:00,391.8,---,45.65,64.4
2023-12-29T23:21:08-05:00,391.3,---,46.45,63.4
2023-12-30T00:22:08-05:00,389,---,46.1,63
2023-12-30T01:24:08-05:00,387.4,---,46.34,62.2
2023-12-30T02:25:09-05:00,386,---,46.5,61.6
2023-12-30T03:26:09-05:00,386,---,46.28,61.3
2023-12-30T04:28:09-05:00,383.9,---,46,60.9
2023-12-30T05:29:09-05:00,382.8,---,46.09,60.2
2023-12-30T06:30:09-05:00,384.6,---,46.06,59.8
2023-12-30T07:31:09-05:00,374.1,---,44.92,60.9
2023-12-30T08:32:10-05:00,383,---,45.21,60.2
2023-12-30T09:34:10-05:00,374.9,---,43.99,63.3
2023-12-30T10:35:10-05:00,370,---,41.75,65.6
2023-12-30T11:36:10-05:00,365.5,---,41.09,66.8
2023-12-30T12:38:10-05:00,363.5,---,41.9,66.1
2023-12-30T13:39:11-05:00,359,---,41.33,66.5
2023-12-30T14:40:00-05:00,---,---,---,---
2023-12-30T15:41:11-05:00,361,---,43.16,65.1
2023-12-30T16:42:11-05:00,365.2,---,43.32,64.3
2023-12-30T17:43:11-05:00,363.5,---,43.11,64.8
2023-12-30T18:45:11-05:00,363.8,---,42.52,64.7
2023-12-30T19:46:12-05:00,363.1,---,42.71,64.1
2023-12-30T20:48:12-05:00,362.6,---,42.52,64.1
2023-12-30T21:49:12-05:00,364.2,---,42.43,64.2
2023-12-30T22:50:00-05:00,---,---,---,---
2023-12-30T23:51:12-05:00,372.7,---,43.64,61.7
2023-12-31T00:52:12-05:00,372.4,---,43.51,61
2023-12-31T01:53:13-05:00,372,---,43.61,60.4
2023-12-31T02:55:13-05:00,373.8,---,43.23,59.9
2023-12-31T03:56:13-05:00,375.1,---,42.97,59.4
2023-12-31T04:57:13-05:00,367,---,41.99,60.7
2023-12-31T05:59:13-05:00,373,---,42.64,59.4
2023-12-31T07:00:00-05:00,---,---,---,---
2023-12-31T08:00:14-05:00,374.7,---,42.02,59.9
2023-12-31T09:02:14-05:00,372.3,---,41.68,60.4
2023-12-31T10:03:14-05:00,371.7,---,38.65,65.5
2023-12-31T11:05:15-05:00,367.3,---,38.4,66.3
2023-12-31T12:06:14-05:00,364.4,---,39.28,65.6
2023-12-31T13:07:15-05:00,365,---,39.34,65.8
2023-12-31T14:09:15-05:00,363.4,---,40.22,65.4
2023-12-31T15:20:36-05:00,362.3,---,40.26,64.9
2023-12-31T17:50:46-05:00,374.8,---,39.95,65.3
2023-12-31T18:52:46-05:00,370.9,---,40.56,64.4
2023-12-31T19:53:46-05:00,375.1,---,40.85,63.8
2023-12-31T20:54:46-05:00,377,---,40.35,64.8
2023-12-31T21:56:47-05:00,379.2,---,41.23,63.9
2023-12-31T22:57:47-05:00,386,---,42.16,62.5
2023-12-31T23:58:47-05:00,384,---,42.41,61.6
