timestamp,co2[ppm],heartbeat[undefined],humidity[%],particulate[undefined],pm10p0[ug/m^3],pm1p0[ug/m^3],pm2p5[ug/m^3],pressure[Pa],temperature[Â°F]
2023-08-09T02:50:00-04:00,---,---,---,---,---,---,---,---,---
2023-08-09T06:00:00-04:00,---,---,---,---,---,---,---,---,---
2023-08-09T09:20:00-04:00,---,---,---,---,---,---,---,---,---
2023-08-09T12:30:00-04:00,---,---,---,---,---,---,---,---,---
2023-08-09T14:29:59-04:00,580.5,---,53.01,---,5.2,2.9,5,97101.7,80
2023-08-09T14:49:57-04:00,552.2,---,50.04,---,6,3,6,97114.4,78.6
2023-08-09T15:06:58-04:00,559.6,---,51.73,---,5.8,3.1,5.5,97143.4,77.3
2023-08-09T15:24:58-04:00,525.8,---,51.92,---,6.5,3.5,5.7,97140.5,76.9
2023-08-09T15:42:58-04:00,518.9,---,52.34,---,5.8,2.8,5.5,97112.5,76.7
2023-08-09T16:00:00-04:00,---,---,---,---,---,---,---,---,---
2023-08-09T16:18:58-04:00,524.8,---,52.79,---,4.7,2.1,4,97091.7,76.5
2023-08-09T16:36:58-04:00,524.8,---,52.63,---,3.9,2.2,3.9,97084.6,76.6
2023-08-09T16:53:58-04:00,516.9,---,52.58,---,3.6,2,3.5,97061.4,76.5
2023-08-09T17:11:59-04:00,508,---,52.2,---,4.4,2.3,4.2,97056.8,76.4
2023-08-09T17:30:00-04:00,---,---,---,---,---,---,---,---,---
2023-08-09T17:47:59-04:00,489.2,---,53.17,---,3.9,2.4,3.8,97046.2,75.7
2023-08-09T18:05:59-04:00,480.5,---,54.27,---,4.1,2.4,4.1,97054.3,75.5
2023-08-09T18:23:59-04:00,473.3,---,55.05,---,4.8,2.4,4.3,97058.3,75.4
2023-08-09T18:40:59-04:00,466.9,---,55.75,---,5.2,2.6,5,97047.3,75.2
2023-08-09T18:59:59-04:00,457.8,---,56.32,---,5.7,3,5.4,97035.5,75.2
2023-08-09T19:17:59-04:00,451.2,---,57.52,---,5.8,3.3,5.5,97035.4,75.2
2023-08-09T19:34:59-04:00,447.8,---,57.83,---,5.7,2.7,5.3,97054.9,75.3
2023-08-09T19:52:59-04:00,442.9,---,57.8,---,5.2,3.3,5.2,97062.9,75.4
2023-08-09T20:10:59-04:00,441.1,---,57.89,---,6.5,3.1,6,97083.5,75.5
2023-08-09T20:28:59-04:00,438,---,57.83,---,6.8,3.2,6.3,97101.3,75.6
2023-08-09T20:46:59-04:00,439.5,---,57.55,---,6.8,3.8,6.6,97137.8,75.6
2023-08-09T21:04:59-04:00,439.7,---,57.41,---,6.8,3.7,6.3,97138.6,75.7
2023-08-09T21:22:00-04:00,444,---,57.29,---,8,3.8,7.5,97155.6,75.7
2023-08-09T21:40:00-04:00,448.5,---,57.19,---,7,3.5,6.8,97162.4,75.8
2023-08-09T21:59:00-04:00,455.8,---,57.21,---,6.7,4,6.7,97154.9,75.8
2023-08-09T22:16:00-04:00,458.8,---,57.17,---,7.3,3.8,6.9,97161.9,75.9
2023-08-09T22:34:00-04:00,464,---,56.94,---,7.4,3.5,6.7,97141.6,75.9
2023-08-09T22:52:00-04:00,470.7,---,56.97,---,8,3.5,7.5,97141.8,75.9
2023-08-09T23:10:00-04:00,---,---,---,---,---,---,---,---,---
2023-08-09T23:28:00-04:00,480,---,56.88,---,7.4,3.6,7.2,97128.8,76
2023-08-09T23:46:00-04:00,486.1,---,56.82,---,7,3.3,6.4,97128.4,75.9
2023-08-10T00:03:01-04:00,487.4,---,56.71,---,8,4.3,7.8,97128.8,76
2023-08-10T00:21:00-04:00,492.8,---,56.65,---,7.7,3.7,6.9,97118.5,76
2023-08-10T00:40:00-04:00,---,---,---,---,---,---,---,---,---
2023-08-10T00:57:01-04:00,497,---,56.52,---,6.2,3.1,5.7,97090.5,76
2023-08-10T01:15:01-04:00,500.6,---,56.43,---,5.7,3.3,5.5,97079.5,76
2023-08-10T01:33:01-04:00,503.5,---,56.34,---,7.5,3.8,7.2,97081.1,76
2023-08-10T01:50:01-04:00,503.8,---,56.34,---,6.7,3.5,6.4,97061.6,76
2023-08-10T02:09:01-04:00,502.3,---,56.3,---,7.3,4.2,6.8,97038.8,76
2023-08-10T02:27:01-04:00,502,---,56.23,---,6.5,3.7,6,97032.9,76
2023-08-10T02:44:01-04:00,503.3,---,56.06,---,7.3,3.5,6.8,97035.7,76
2023-08-10T03:02:01-04:00,501.3,---,55.93,---,6.9,3.7,6.8,97027.5,76.1
2023-08-10T03:20:02-04:00,500.9,---,55.83,---,6.6,3.3,6.3,96992.5,76
2023-08-10T03:38:01-04:00,503.1,---,55.68,---,7,4,6.5,96962.2,76
2023-08-10T03:56:01-04:00,502.1,---,55.7,---,6.9,3.9,6.4,96945.2,76
2023-08-10T04:14:01-04:00,503.4,---,55.65,---,6.8,3.1,6.1,96931.9,76
2023-08-10T04:31:01-04:00,504,---,55.87,---,7.1,3.9,6.9,96910.8,76
2023-08-10T04:50:00-04:00,---,---,---,---,---,---,---,---,---
2023-08-10T05:08:02-04:00,506.2,---,56.04,---,6.7,3.1,5.7,96899,76
2023-08-10T05:25:02-04:00,506.1,---,56.1,---,6.1,3.3,6,96888.3,76
2023-08-10T05:43:02-04:00,506.9,---,54.61,---,5.8,3.3,5.6,96875.5,76
2023-08-10T06:01:02-04:00,507.5,---,52.24,---,6.1,3,5.9,96888.9,75.7
2023-08-10T06:19:02-04:00,507.3,---,51.52,---,5.3,3.2,5.2,96882.2,75.4
2023-08-10T06:37:03-04:00,503.8,---,51.48,---,5.5,2.8,5.3,96841.5,75
2023-08-10T06:55:03-04:00,504.4,---,51.32,---,5,2.8,4.7,96841.9,74.8
2023-08-10T07:12:03-04:00,504.3,---,51.38,---,4.5,2.8,4.5,96841.4,74.6
2023-08-10T07:30:03-04:00,504.1,---,52.32,---,4.6,2.8,4.2,96846,74.4
2023-08-10T07:49:03-04:00,501,---,54.63,---,5.2,3.3,5,96859,74.4
2023-08-10T08:06:03-04:00,496.7,---,55.86,---,4.6,2.9,4.5,96860.4,74.4
2023-08-10T08:24:03-04:00,490,---,57.35,---,5.3,2.9,5.1,96866.4,74.6
2023-08-10T08:42:03-04:00,488,---,57.6,---,5.4,3.3,5.2,96871.7,74.7
2023-08-10T09:00:00-04:00,---,---,---,---,---,---,---,---,---
2023-08-10T09:18:03-04:00,519.3,---,57.05,---,6,2.8,5.8,96888.3,75.4
2023-08-10T09:35:04-04:00,548.1,---,56.22,---,6.3,3,5.9,96875.1,75.5
2023-08-10T09:52:04-04:00,539.3,---,55.2,---,6.3,3.6,5.8,96886.3,76.2
2023-08-10T10:10:04-04:00,554.6,---,54.64,---,6,3.7,5.8,96861.5,76.3
2023-08-10T10:29:04-04:00,563.4,---,53.48,---,5.9,3.3,5.3,96856.2,76.4
2023-08-10T10:46:04-04:00,570.5,---,52.68,---,5.3,2.6,5,96878,76.5
2023-08-10T11:04:04-04:00,568.3,---,52.24,---,5.5,3,5.3,96840,76.6
2023-08-10T11:22:04-04:00,568.9,---,52.08,---,5.2,2.9,5,96818.7,76.7
2023-08-10T11:40:00-04:00,---,---,---,---,---,---,---,---,---
2023-08-10T11:58:04-04:00,558.7,---,51.53,---,5.1,2.9,5,96782.8,77
2023-08-10T12:16:05-04:00,556.6,---,51.37,---,5.2,2.8,5.1,96768.6,77
2023-08-10T12:33:05-04:00,538.3,---,50.92,---,6,2.9,5.3,96747.2,77.1
2023-08-10T12:50:05-04:00,545.8,---,50.74,---,6.6,3.4,5.9,96729,77.1
2023-08-10T13:09:05-04:00,546.9,---,50.76,---,5.3,2.5,5,96698.3,77.1
2023-08-10T13:26:06-04:00,549.9,---,50.74,---,5.5,3.2,4.8,96677.8,77.3
2023-08-10T13:44:06-04:00,531.5,---,50.72,---,5.6,3.1,5.5,96651.3,77.3
2023-08-10T14:02:06-04:00,542.2,---,51.05,---,12.8,6.4,12.4,96648.8,77.4
2023-08-10T14:19:06-04:00,552.9,---,50.96,---,8.6,4.3,7.7,96642.6,77.6
2023-08-10T14:37:06-04:00,551.1,---,50.9,---,7.3,4.1,7,96651.9,77.5
2023-08-10T14:54:07-04:00,538.9,---,50.77,---,6.6,4,6.1,96659,77.6
2023-08-10T15:11:08-04:00,527.3,---,50.56,---,7.1,3.9,6.5,96630.1,77.6
2023-08-10T15:30:00-04:00,---,---,---,---,---,---,---,---,---
2023-08-10T15:48:08-04:00,544.2,---,50.7,---,5.1,3.2,5.1,96562.4,77.7
2023-08-10T16:04:08-04:00,556.9,---,50.9,---,5.2,3.1,5.1,96574.2,77.7
2023-08-10T16:22:08-04:00,553.4,---,50.63,---,6.8,3.8,6.4,96569.6,77.9
2023-08-10T16:40:09-04:00,548.1,---,51.03,---,4.9,2.5,4.8,96567,77.9
2023-08-10T16:57:10-04:00,541,---,52.15,---,4.5,2.4,4.1,96554.2,77.9
2023-08-10T17:14:09-04:00,510.7,---,52.6,---,3.9,1.9,3.5,96552.2,77.8
2023-08-10T17:32:09-04:00,493.8,---,52.92,---,3.9,2.3,3.7,96575.5,77.8
2023-08-10T17:49:11-04:00,480.3,---,53.19,---,3.1,1.8,3,96570.2,77.7
2023-08-10T18:07:11-04:00,467.4,---,53.71,---,2.9,1.8,2.8,96571.8,77.6
2023-08-10T18:25:11-04:00,456.8,---,54.11,---,3.2,1.8,3,96608.5,77.5
2023-08-10T18:42:12-04:00,451.9,---,54.17,---,2.3,1.1,2.3,96620.5,77.5
2023-08-10T19:00:00-04:00,---,---,---,---,---,---,---,---,---
2023-08-10T19:17:13-04:00,441,---,54.03,---,3.6,1.8,3.3,96661.4,77.4
2023-08-10T19:34:12-04:00,436.6,---,54.21,---,3,1.8,2.7,96691.5,77.3
2023-08-10T19:51:12-04:00,431.3,---,54.44,---,3.5,1.4,2.8,96702.4,77.3
2023-08-10T20:10:00-04:00,---,---,---,---,---,---,---,---,---
2023-08-10T20:26:12-04:00,427.3,---,55.9,---,5.1,2.5,5,96711.8,77.5
2023-08-10T20:44:13-04:00,425,---,56.17,---,5.3,2.7,4.9,96735,77.8
2023-08-10T21:02:14-04:00,427,---,56.35,---,5.5,2.6,5,96779.8,77.9
2023-08-10T21:20:00-04:00,---,---,---,---,---,---,---,---,---
2023-08-10T21:37:14-04:00,429,---,56.59,---,5.7,3.2,5.7,96810,78
2023-08-10T21:52:14-04:00,429.3,---,56.66,---,5.8,3.1,5.8,96818.4,78
2023-08-10T22:10:00-04:00,---,---,---,---,---,---,---,---,---
2023-08-10T22:30:00-04:00,---,---,---,---,---,---,---,---,---
2023-08-10T22:48:15-04:00,436.6,---,56.28,---,5,2.5,4.8,96825.6,78.1
2023-08-10T23:04:16-04:00,442.8,---,56.32,---,5,2.6,4.6,96822,78.2
2023-08-10T23:22:15-04:00,446.2,---,56.16,---,5,2.8,4.8,96804.3,78.2
2023-08-10T23:40:16-04:00,450.4,---,55.99,---,4.9,2.4,4.9,96802.5,78.2
2023-08-10T23:57:23-04:00,456.8,---,55.86,---,4.2,2.2,3.8,96820.3,78.3
2023-08-11T00:15:16-04:00,460.4,---,55.73,---,4.2,2.1,3.5,96850.3,78.2
2023-08-11T00:32:17-04:00,462.2,---,55.76,---,4,2.3,3.8,96864.9,---
2023-08-11T00:50:25-04:00,467.6,---,55.79,---,4.5,2.6,4.2,96852.2,78.1
2023-08-11T01:09:17-04:00,473.1,---,55.9,---,4.9,2.4,4.6,96854.5,78
2023-08-11T01:26:17-04:00,478.1,---,55.87,---,4.1,2.2,3.6,96835.3,77.9
2023-08-11T01:44:18-04:00,485.4,---,55.78,---,3.3,1.9,3,96835.8,77.7
2023-08-11T02:00:00-04:00,---,---,---,---,---,---,---,---,---
2023-08-11T02:17:18-04:00,486.3,---,55.49,---,3.7,2.2,3.7,96842.5,77.7
2023-08-11T02:35:18-04:00,491.8,---,55.4,---,3.4,1.8,3.3,96839.3,77.7
2023-08-11T02:54:19-04:00,496,---,54.77,---,4.2,2.3,3.7,96865.3,77.6
2023-08-11T03:11:26-04:00,498.4,---,54.21,---,3.7,2.3,3.7,96879.4,77.5
2023-08-11T03:30:00-04:00,---,---,---,---,---,---,---,---,---
2023-08-11T03:48:19-04:00,498.3,---,54.21,---,3.6,2,3.4,96872.7,77.4
2023-08-11T04:05:19-04:00,497.4,---,54.24,---,4.4,2.3,4.2,96881.2,77.3
2023-08-11T04:22:21-04:00,503.8,---,54.05,---,3.8,2.5,3.7,96871.8,77.4
2023-08-11T04:39:21-04:00,502.6,---,54.15,---,5,2.2,4.5,96890.4,77.2
2023-08-11T04:56:21-04:00,497.7,---,54.23,---,5,2.6,4.6,96883.2,77.3
2023-08-11T05:14:21-04:00,499.4,---,54.28,---,4.6,2.9,4.5,96911.4,77.3
2023-08-11T05:32:21-04:00,496.9,---,54.68,---,4.4,2.4,4.3,96929.4,77.3
2023-08-11T05:50:00-04:00,---,---,---,---,---,---,---,---,---
2023-08-11T06:08:27-04:00,489.8,---,50.99,---,3.6,2,3.6,97000,77.2
2023-08-11T06:26:23-04:00,484,---,49.49,---,4.9,2.6,4.2,97020.8,76.9
2023-08-11T06:43:23-04:00,477.8,---,49,---,5.1,2.8,4.7,97050.1,76.5
2023-08-11T07:01:23-04:00,471.3,---,48.97,---,5.7,2.9,5.3,97055.7,76.2
2023-08-11T07:19:23-04:00,466.4,---,49.14,---,6,2.6,5.9,97074.5,75.9
2023-08-11T07:35:24-04:00,457.7,---,49.97,---,5.3,2.8,5,97088.4,75.8
2023-08-11T07:53:24-04:00,456.4,---,52.34,---,5.3,3,5.3,97112.7,75.7
2023-08-11T08:11:24-04:00,454.1,---,55.08,---,5,2.3,4.8,97128.1,75.9
2023-08-11T08:29:25-04:00,454.7,---,55.66,---,5.8,3,5.5,97132.7,76
2023-08-11T08:47:25-04:00,455.3,---,55.73,---,6.3,2.6,5.6,97156.4,76.2
2023-08-11T09:05:25-04:00,489.9,---,56.06,---,4.2,2.3,4.1,97157.3,76.5
2023-08-11T09:22:26-04:00,486.2,---,55.77,---,5.6,2.8,5.4,97163.8,76.8
2023-08-11T09:40:27-04:00,502.3,---,54.25,---,4.3,2.3,4.1,97186.7,77.2
2023-08-11T09:59:26-04:00,508.9,---,52,---,3.5,1.6,3.5,97189.5,77.2
2023-08-11T10:16:28-04:00,510.3,---,51.04,---,3,1.6,3,97210.4,77.1
2023-08-11T10:34:26-04:00,516,---,50.57,---,2.9,1.6,2.8,97228.8,77.1
2023-08-11T10:51:27-04:00,530.3,---,50.62,---,2.3,1.3,2.3,97241,77.1
2023-08-11T11:08:27-04:00,---,---,51.23,---,---,---,---,---,77.4
2023-08-11T11:25:27-04:00,493.1,---,51.44,---,1.9,0.9,1.8,97267.8,77.5
2023-08-11T11:43:28-04:00,511.8,---,52.12,---,1.6,0.7,1.6,97293.7,77.5
2023-08-11T12:00:28-04:00,493.8,---,51.98,---,1.2,0.9,1.2,97275.6,77.7
2023-08-11T12:19:29-04:00,503.9,---,51.73,---,1.5,0.6,1.5,97298.2,77.7
2023-08-11T12:37:29-04:00,494.3,---,51.34,---,1.6,0.8,1.4,97292.3,77.7
2023-08-11T12:54:28-04:00,495.7,---,51.29,---,1.4,0.7,1.4,97286.8,77.8
2023-08-11T13:12:29-04:00,506.7,---,51.23,---,1.2,0.4,1.2,97303.6,77.9
2023-08-11T13:30:29-04:00,499.3,---,50.66,---,2.9,1.4,2.5,97313.8,78
2023-08-11T13:48:30-04:00,495.8,---,50.24,---,1.1,0.6,1,97313.3,78.2
2023-08-11T14:05:30-04:00,519.3,---,50.57,---,1.4,0.7,1.4,97311.6,78.1
2023-08-11T14:23:30-04:00,512.6,---,50.66,---,0.7,0.3,0.7,97321.4,78
2023-08-11T14:40:31-04:00,517.4,---,50.2,---,0.8,0.7,0.8,97318.9,78.2
2023-08-11T14:59:37-04:00,496.3,---,49.63,---,0.9,0.5,0.8,97305,78.3
2023-08-11T15:17:32-04:00,481.3,---,49.86,---,0.9,0.3,0.9,97298.8,78.3
2023-08-11T15:34:32-04:00,504.8,---,50.13,---,0.7,0.3,0.7,97294.7,78.1
2023-08-11T15:52:32-04:00,485.4,---,49.9,---,0.6,0.3,0.5,97297.6,78.2
2023-08-11T16:10:32-04:00,494.7,---,49.8,---,0.8,0.5,0.8,97304.3,78.2
2023-08-11T16:28:35-04:00,503.9,---,49.69,---,1.7,0.9,1.5,97314.2,78.2
2023-08-11T16:46:34-04:00,503.6,---,49.61,---,2,1.1,1.8,97314.2,78.3
2023-08-11T17:04:34-04:00,482.5,---,49.5,---,2,1,1.9,97305,78.3
2023-08-11T17:21:35-04:00,469.8,---,49.45,---,1.6,1.1,1.6,97305.7,78.1
2023-08-11T17:40:00-04:00,---,---,---,---,---,---,---,---,---
2023-08-11T17:57:34-04:00,449.4,---,50.16,---,1.7,0.7,1.4,97299.2,77.7
2023-08-11T18:14:34-04:00,445.5,---,50.22,---,1,0.7,1,97314.1,77.6
2023-08-11T18:32:34-04:00,439.9,---,50.35,---,1.1,0.5,1.1,97316.5,77.4
2023-08-11T18:50:00-04:00,---,---,---,---,---,---,---,---,---
2023-08-11T19:07:35-04:00,431.5,---,50.65,---,1.1,0.4,0.7,97320.5,77.4
2023-08-11T19:25:36-04:00,429.2,---,50.4,---,1,0.7,0.9,97334.1,77.5
2023-08-11T19:43:36-04:00,428.4,---,50.16,---,1.1,0.6,1.1,97337.9,77.6
2023-08-11T20:00:00-04:00,---,---,---,---,---,---,---,---,---
2023-08-11T20:18:37-04:00,428,---,50.84,---,1.3,0.6,1.2,97352.1,77.7
2023-08-11T20:35:37-04:00,430.5,---,51.51,---,2.1,1.2,2.1,97357.1,77.7
2023-08-11T20:52:53-04:00,433.3,---,51.64,---,2.3,1,2.3,97384.4,77.8
2023-08-11T21:11:54-04:00,437.9,---,51.73,---,1.8,1.1,1.7,97400.9,78
2023-08-11T21:30:00-04:00,---,---,---,---,---,---,---,---,---
2023-08-11T21:47:57-04:00,449.5,---,51.77,---,2.3,1.3,2.2,97449.3,78.1
2023-08-11T22:05:54-04:00,453.8,---,51.91,---,2,1.1,1.8,97468.1,78.1
2023-08-11T22:23:55-04:00,459.6,---,51.89,---,1.5,0.9,1.2,97476,78.1
2023-08-11T22:40:56-04:00,461,---,51.87,---,1.3,1.1,1.3,97494.8,78.1
2023-08-11T22:59:55-04:00,462.8,---,51.83,---,2.2,1.4,2.2,97484,78
2023-08-11T23:17:55-04:00,464.2,---,51.88,---,1.7,1.1,1.7,97487.8,78
2023-08-11T23:34:55-04:00,462.8,---,51.77,---,2.4,1.5,2.3,97463.4,78
2023-08-11T23:52:55-04:00,461.8,---,51.76,---,3,1.7,3,97467.5,78
2023-08-12T00:10:00-04:00,---,---,---,---,---,---,---,---,---
2023-08-12T00:26:56-04:00,458.9,---,51.69,---,3.1,1.7,3,97453.9,78
2023-08-12T00:42:57-04:00,460.7,---,51.64,---,3,2,3,97462.1,77.9
2023-08-12T01:00:09-04:00,463,---,51.5,---,3,1.9,3,97463,77.8
2023-08-12T01:17:57-04:00,465.6,---,51.46,---,3,2.1,3,97463.8,77.8
2023-08-12T01:35:57-04:00,468,---,51.26,---,2.8,1.8,2.8,97457.6,77.8
2023-08-12T01:53:59-04:00,464.8,---,51.3,---,2.7,1.5,2.6,97441.3,77.7
2023-08-12T02:10:58-04:00,467.8,---,51.21,---,2.3,1.3,2.1,97415.7,77.6
2023-08-12T02:29:58-04:00,466.4,---,51.14,---,2.2,1.2,2,97403.8,77.6
2023-08-12T02:47:58-04:00,467.2,---,51.1,---,2.5,1.5,2.1,97417.3,77.6
2023-08-12T03:05:01-04:00,466.7,---,50.94,---,1.4,0.8,1.3,97404.6,77.6
2023-08-12T03:22:59-04:00,467.9,---,51.03,---,1.4,0.8,1.2,97408.5,77.5
2023-08-12T03:41:00-04:00,469.2,---,51.02,---,1.7,0.8,1.7,97407.4,77.5
2023-08-12T03:59:00-04:00,467.4,---,50.98,---,2.4,1.1,2.4,97402,77.5
2023-08-12T04:17:00-04:00,467.7,---,50.87,---,1.5,0.8,1.5,97355.7,77.4
2023-08-12T04:34:01-04:00,465.3,---,50.8,---,1.3,0.7,1.1,97346.7,77.4
2023-08-12T04:51:01-04:00,457.7,---,50.58,---,1.9,1.1,1.6,97340,77.5
2023-08-12T05:10:00-04:00,---,---,---,---,---,---,---,---,---
2023-08-12T05:28:01-04:00,444.3,---,48.3,---,2.3,1.1,2,97334.1,77.3
2023-08-12T05:45:02-04:00,441.6,---,47.06,---,2.1,1.1,2,97378,76.9
2023-08-12T06:03:02-04:00,439.6,---,46.71,---,2.2,1.3,2,97374.6,76.5
2023-08-12T06:21:02-04:00,440.7,---,46.66,---,3,1.3,2.6,97388.2,76.2
2023-08-12T06:39:03-04:00,435.3,---,47.25,---,2.2,1,2,97388.7,76
2023-08-12T06:57:03-04:00,---,---,49.38,---,---,---,---,---,76
2023-08-12T07:14:03-04:00,438.3,---,51.56,---,1.5,0.7,1.5,97399.9,76.1
2023-08-12T07:31:04-04:00,436.3,---,52.07,---,2.5,1.1,2.2,97415.7,76.2
2023-08-12T07:50:00-04:00,---,---,---,---,---,---,---,---,---
2023-08-12T08:08:05-04:00,436.4,---,51.92,---,1.7,0.8,1.5,97387.5,76.5
2023-08-12T08:25:05-04:00,432.6,---,51.74,---,1.6,0.9,1.5,97359.8,76.6
2023-08-12T08:43:05-04:00,431.5,---,51.43,---,1.7,0.8,1.6,97345.9,76.7
2023-08-12T09:01:05-04:00,430.1,---,50.5,---,2.3,1.3,2.3,97335.4,76.5
2023-08-12T09:19:05-04:00,430.4,---,49.9,---,2.3,1.3,2.1,97336.8,76.4
2023-08-12T09:37:06-04:00,427.8,---,50.12,---,1.9,0.9,1.9,97308.9,76.1
2023-08-12T09:55:06-04:00,428.9,---,51.22,---,2.3,1,2.2,97323.3,75.9
2023-08-12T10:12:06-04:00,430.7,---,52.57,---,1.8,1.1,1.8,97319.8,75.9
2023-08-12T10:30:06-04:00,428.8,---,53.8,---,1.8,0.7,1.5,97309.6,75.9
2023-08-12T10:49:08-04:00,427,---,53.96,---,1.9,1,1.8,97325.8,76.2
2023-08-12T11:06:07-04:00,429.8,---,53.88,---,1.8,0.9,1.7,97287.5,76.4
2023-08-12T11:24:07-04:00,430.3,---,54.03,---,3.5,1.9,3.2,97275.7,76.5
2023-08-12T11:42:08-04:00,429.4,---,53.28,---,2.9,1.8,2.8,97235.8,76.5
2023-08-12T12:00:00-04:00,---,---,---,---,---,---,---,---,---
2023-08-12T12:18:07-04:00,430.2,---,52.23,---,2.5,1.4,2.5,97236.1,76.1
2023-08-12T12:35:08-04:00,430.5,---,52.38,---,2.8,1.4,2.6,97223.5,76
2023-08-12T12:52:09-04:00,429.5,---,53.36,---,2.9,1.5,2.8,97213.5,75.9
2023-08-12T13:10:09-04:00,427.3,---,53.84,---,2.8,1.7,2.8,97167.5,75.9
2023-08-12T13:27:09-04:00,428.3,---,56.24,---,3.6,1.8,3.3,97184.2,76
2023-08-12T13:45:09-04:00,424.8,---,57.2,---,4,2.3,3.8,97180.1,76.2
2023-08-12T14:02:10-04:00,425.5,---,57.42,---,3.8,1.7,3.7,97166.1,76.4
2023-08-12T14:19:10-04:00,422.2,---,57.57,---,5.4,2.6,4.7,97154.1,76.4
2023-08-12T14:37:10-04:00,424.8,---,56.76,---,5.7,3.2,5.3,97166.8,76.6
2023-08-12T14:55:10-04:00,421.3,---,55.32,---,5.8,3.4,5.5,97153.9,76.5
2023-08-12T15:12:10-04:00,422,---,54.49,---,4.8,3.1,4.7,97134.8,76.3
2023-08-12T15:30:10-04:00,420.2,---,54.18,---,4.3,2.4,4.2,97086.6,76.1
2023-08-12T15:49:10-04:00,419.6,---,54.26,---,3.9,2.5,3.9,97117.2,76
2023-08-12T16:06:11-04:00,420.2,---,55.02,---,4.3,2.6,4,97103.2,75.9
2023-08-12T16:24:11-04:00,423.5,---,56.01,---,2.2,1.1,2.1,97075.5,75.8
2023-08-12T16:42:11-04:00,423.4,---,57.93,---,1.9,1.2,1.9,97082.2,75.9
2023-08-12T17:00:00-04:00,---,---,---,---,---,---,---,---,---
2023-08-12T17:18:12-04:00,419.2,---,58.95,---,1.8,1.1,1.7,97089.6,76.2
2023-08-12T17:36:12-04:00,422.4,---,59.01,---,1.5,0.8,1.5,97096.7,76.4
2023-08-12T17:53:12-04:00,421.8,---,59.06,---,1.4,0.7,1.4,97130.3,76.5
2023-08-12T18:11:12-04:00,---,---,57.34,---,1.1,0.5,1,---,76.5
2023-08-12T18:27:12-04:00,422.9,---,55.73,---,1.2,0.3,1,97159.7,76.4
2023-08-12T18:44:13-04:00,420.3,---,55.14,---,1.5,0.7,1.1,97147.5,76.2
2023-08-12T19:01:22-04:00,421,---,55.17,---,1.2,0.7,1.1,97169.6,---
2023-08-12T19:20:00-04:00,---,---,---,---,---,---,---,---,---
2023-08-12T19:37:14-04:00,424.7,---,55.82,---,1.3,0.7,1.3,97202,75.9
2023-08-12T19:54:14-04:00,424.4,---,56.2,---,1.5,0.9,1.5,97199,75.8
2023-08-12T20:12:14-04:00,427.1,---,58.07,---,1.7,0.8,1.5,97177,75.8
2023-08-12T20:30:00-04:00,---,---,---,---,---,---,---,---,---
2023-08-12T20:49:16-04:00,426.8,---,58.98,---,2.1,1.3,2,97173.6,76.2
2023-08-12T21:07:23-04:00,426.8,---,58.94,---,1.4,0.9,1.4,97156,76.3
2023-08-12T21:24:17-04:00,427.2,---,58.88,---,1.2,0.8,1,97156.6,76.5
2023-08-12T21:43:18-04:00,427.2,---,58.75,---,2,1,2,97161,76.5
2023-08-12T22:01:17-04:00,428.8,---,58.56,---,2,1.2,2,97164.2,76.7
2023-08-12T22:20:00-04:00,---,---,---,---,---,---,---,---,---
2023-08-12T22:38:18-04:00,430.1,---,58.16,---,1.5,1,1.5,97209.1,76.8
2023-08-12T22:56:18-04:00,---,---,---,---,---,---,---,---,76.9
2023-08-12T23:11:19-04:00,435.5,---,57.78,---,1,0.5,1,97211.1,76.9
2023-08-12T23:30:00-04:00,---,---,---,---,---,---,---,---,---
2023-08-12T23:48:20-04:00,444.1,---,57.65,---,1.8,1,1.8,97216.2,77
2023-08-13T00:05:21-04:00,450.1,---,57.5,---,1.5,0.6,1.5,97240,77
2023-08-13T00:22:21-04:00,451.8,---,57.38,---,0.8,0.5,0.8,97216.8,77.1
2023-08-13T00:41:22-04:00,457.3,---,57.43,---,0.8,0.5,0.8,97188,77
2023-08-13T00:59:22-04:00,459.8,---,57.34,---,1.6,0.9,1.5,97202.5,77.1
2023-08-13T01:17:23-04:00,461.7,---,57.37,---,1.6,1.1,1.6,97196.2,77.1
2023-08-13T01:34:22-04:00,459.2,---,57.29,---,1.3,0.5,1.1,97198.6,77.1
2023-08-13T01:51:22-04:00,459.7,---,57.31,---,1.2,0.6,1,97190.1,77.2
2023-08-13T02:10:00-04:00,---,---,---,---,---,---,---,---,---
2023-08-13T02:28:22-04:00,453.9,---,57.19,---,1.6,0.6,1.6,97201,77.3
2023-08-13T02:44:23-04:00,452.9,---,57.1,---,1.6,0.9,1.4,97222.8,77.3
2023-08-13T03:02:23-04:00,452.4,---,56.9,---,2.2,1.3,2.2,97227.3,77.5
2023-08-13T03:20:23-04:00,447.8,---,57.09,---,1.7,1,1.7,97223.3,77.4
2023-08-13T03:38:23-04:00,446.9,---,57.13,---,1.7,1,1.6,97219.7,77.4
2023-08-13T03:56:24-04:00,446.5,---,57.08,---,2.3,1,2.1,97216,77.4
2023-08-13T04:14:24-04:00,445,---,57.11,---,1.5,0.7,1.5,97202.3,77.4
2023-08-13T04:31:24-04:00,446,---,56.82,---,1.6,1.1,1.6,97211,77.4
2023-08-13T04:50:00-04:00,---,---,---,---,---,---,---,---,---
2023-08-13T05:07:25-04:00,448.6,---,50.33,---,1.3,0.9,1.3,97240.6,76.8
2023-08-13T05:24:24-04:00,448.1,---,49.62,---,1.4,0.8,1.4,97263,76.3
2023-08-13T05:42:25-04:00,448.8,---,49.06,---,1.2,0.8,1.2,97274.9,75.9
2023-08-13T06:00:00-04:00,---,---,---,---,---,---,---,---,---
2023-08-13T06:17:36-04:00,451.8,---,48.78,---,1.4,0.9,1.4,97308.9,75.4
2023-08-13T06:35:26-04:00,456.1,---,50.01,---,0.9,0.5,0.9,97329.5,75.3
2023-08-13T06:53:26-04:00,451.8,---,52.85,---,1.5,0.5,1.3,97343.9,75.3
2023-08-13T07:09:27-04:00,453.6,---,55.73,---,1.2,0.6,1.2,97356.9,75.4
2023-08-13T07:27:27-04:00,449.8,---,56.94,---,1.3,0.6,1.3,97373,75.7
2023-08-13T07:45:27-04:00,446.8,---,57.34,---,1.2,0.8,1.1,97388.4,76
2023-08-13T08:02:27-04:00,446,---,57.37,---,1.9,1,1.7,97401.9,76.2
2023-08-13T08:20:27-04:00,444.8,---,57.3,---,1.5,0.9,1.5,97423.2,76.4
2023-08-13T08:39:27-04:00,443,---,56.28,---,1.2,0.7,1.2,97433.5,76.5
2023-08-13T08:54:28-04:00,441.2,---,54.68,---,1.6,0.9,1.5,97449.4,76.4
2023-08-13T09:12:28-04:00,441.8,---,53.55,---,1.7,1,1.7,97449.7,76.2
2023-08-13T09:30:00-04:00,---,---,---,---,---,---,---,---,---
2023-08-13T09:47:30-04:00,440,---,53.79,---,1.5,0.7,1.5,97473.2,75.9
2023-08-13T10:05:30-04:00,438.9,---,54.85,---,2,1.4,2,97485.7,75.8
2023-08-13T10:23:30-04:00,435.3,---,55.55,---,1.6,1.1,1.6,97485.5,75.8
2023-08-13T10:40:31-04:00,436.4,---,57.83,---,1.9,1.2,1.9,97498.3,75.9
2023-08-13T10:58:31-04:00,432.9,---,58.44,---,2,1.3,1.9,97502.6,76.1
2023-08-13T11:16:32-04:00,431.6,---,58.56,---,1.8,0.8,1.8,97512.1,76.3
2023-08-13T11:33:32-04:00,429.8,---,57.86,---,2.4,1.3,2.3,97555,76.4
2023-08-13T11:51:33-04:00,429.6,---,56.09,---,1.8,1.2,1.7,97568,76.4
2023-08-13T12:10:00-04:00,---,---,---,---,---,---,---,---,---
2023-08-13T12:27:34-04:00,428.7,---,54.78,---,1.4,0.8,1.3,97604.4,76
2023-08-13T12:45:34-04:00,426,---,54.62,---,1.3,0.8,1.2,97599.8,75.9
2023-08-13T13:02:34-04:00,424.7,---,55.18,---,0.8,0.1,0.7,97590.2,75.8
2023-08-13T13:20:00-04:00,---,---,---,---,---,---,---,---,---
2023-08-13T13:38:35-04:00,423.4,---,57.83,---,1,0.4,1,97595.8,75.8
2023-08-13T13:59:35-04:00,422.9,---,58.26,---,0.8,0.6,0.8,97590,76
2023-08-13T14:16:36-04:00,424.4,---,58.34,---,0.8,0.4,0.8,97596.3,76.2
2023-08-13T14:34:36-04:00,422.3,---,58.18,---,0.9,0.6,0.9,97597.6,76.4
2023-08-13T14:52:36-04:00,421.8,---,57.02,---,1,0.7,1,97588.9,76.4
2023-08-13T15:10:00-04:00,---,---,---,---,---,---,---,---,---
2023-08-13T15:27:36-04:00,419.4,---,55.07,---,0.7,0.3,0.7,97614.6,76.2
2023-08-13T15:45:37-04:00,421.7,---,54.83,---,0.5,0.4,0.4,97616.9,75.9
2023-08-13T16:01:37-04:00,420.9,---,55.06,---,0.1,0,0.1,97634.6,75.8
2023-08-13T16:20:00-04:00,---,---,---,---,---,---,---,---,---
2023-08-13T16:38:37-04:00,420.6,---,56.89,---,0.5,0.2,0.5,97640,75.8
2023-08-13T16:54:38-04:00,421.3,---,57.79,---,0.3,0,0.3,97648.1,75.9
2023-08-13T17:12:38-04:00,419.3,---,57.66,---,0.5,0.1,0.2,97629.9,76.1
2023-08-13T17:30:38-04:00,420.8,---,56.77,---,0.1,0,0.1,97633.1,76.2
2023-08-13T17:48:38-04:00,420.6,---,55.45,---,0.5,0.2,0.5,97639.7,76.3
2023-08-13T18:06:39-04:00,417.8,---,54.8,---,0.2,0,0.1,97630.4,76.2
2023-08-13T18:23:40-04:00,418,---,56.63,---,0.2,0,0.2,97627.8,76.1
2023-08-13T18:40:39-04:00,420.6,---,57.17,---,0.8,0.3,0.8,97633.2,76.2
2023-08-13T18:59:40-04:00,418.5,---,56.55,---,0,0,0,97636.6,76.3
2023-08-13T19:17:40-04:00,419.8,---,55.24,---,0.2,0.1,0.2,97656.6,76.2
2023-08-13T19:33:41-04:00,420,---,54.73,---,0.4,0,0.4,97675.8,76.1
2023-08-13T19:51:41-04:00,418.3,---,54.42,---,0.3,0,0.3,97663.8,76
2023-08-13T20:10:00-04:00,---,---,---,---,---,---,---,---,---
2023-08-13T20:27:41-04:00,422.7,---,56.55,---,0.2,0.1,0.2,97692.8,76
2023-08-13T20:45:41-04:00,425.6,---,56.19,---,0.6,0.3,0.6,97724.9,76.2
2023-08-13T21:03:42-04:00,427.2,---,56.5,---,0.4,0.2,0.4,97736,76.3
2023-08-13T21:18:42-04:00,434.8,---,56.85,---,1.2,0.8,1,97749.9,76.4
2023-08-13T21:34:43-04:00,443.4,---,57,---,0.7,0.3,0.7,97771.8,76.5
2023-08-13T21:51:43-04:00,448,---,57.15,---,0.7,0.6,0.7,97783.5,76.6
2023-08-13T22:09:43-04:00,457.8,---,57.25,---,1,0.8,1,97789.3,76.7
2023-08-13T22:27:43-04:00,465.5,---,57.34,---,1.3,1,1.2,97789,76.8
2023-08-13T22:46:43-04:00,470.1,---,57.32,---,0.8,0.7,0.8,97797.2,76.9
2023-08-13T23:02:43-04:00,474.3,---,57.35,---,1,0.8,1,97798.4,76.9
2023-08-13T23:20:00-04:00,---,---,---,---,---,---,---,---,---
2023-08-13T23:37:44-04:00,487.3,---,57.44,---,1.1,0.6,1.1,97807.1,76.9
2023-08-13T23:54:44-04:00,487.4,---,57.49,---,1.1,0.9,1.1,97815.5,76.9
2023-08-14T00:09:45-04:00,488.7,---,57.54,---,1.4,1,1.4,97815.7,76.9
2023-08-14T00:26:44-04:00,495.3,---,57.31,---,1.1,0.7,1,97808.1,76.9
2023-08-14T00:43:53-04:00,498.1,---,56.94,---,0.8,0.5,0.8,97810.6,76.9
2023-08-14T01:01:46-04:00,497.1,---,57.22,---,1.6,1,1.6,97808.5,77
2023-08-14T01:19:55-04:00,500.8,---,57.08,---,1.3,0.7,1,97783.2,77.1
2023-08-14T01:37:46-04:00,503.3,---,57,---,1.8,0.9,1.6,97789.7,77.2
2023-08-14T01:54:46-04:00,506,---,57.03,---,1.3,0.8,1.3,97790.7,77.2
2023-08-14T02:10:47-04:00,508.7,---,56.89,---,2,1,2,97779.3,77.3
2023-08-14T02:30:00-04:00,---,---,---,---,---,---,---,---,---
2023-08-14T02:48:49-04:00,519.4,---,56.59,---,1,0.7,1,97788,77.3
2023-08-14T03:05:49-04:00,524.7,---,56.64,---,1.3,0.9,1.2,97791.4,77.3
2023-08-14T03:24:49-04:00,526.4,---,56.64,---,1,0.5,1,97791.2,77.3
2023-08-14T03:42:49-04:00,524.8,---,56.56,---,1.5,1,1.5,97761.7,77.3
2023-08-14T04:00:00-04:00,---,---,---,---,---,---,---,---,---
2023-08-14T04:19:50-04:00,522.9,---,56.45,---,1.5,0.8,1.3,97738.9,77.4
2023-08-14T04:37:50-04:00,524.5,---,56.27,---,1.6,1,1.6,97717.2,77.4
2023-08-14T04:55:00-04:00,523,---,53.19,---,1.5,0.9,1.2,97712,77.3
2023-08-14T05:12:51-04:00,523.8,---,50.67,---,1.2,0.5,1.2,97690,77
2023-08-14T05:30:50-04:00,524.3,---,49.49,---,1.6,1.3,1.5,97699.6,76.5
2023-08-14T05:48:51-04:00,527.9,---,49.24,---,1.6,1.1,1.5,97734.5,76.2
2023-08-14T06:05:51-04:00,526.1,---,48.63,---,1,0.4,1,97729,75.8
2023-08-14T06:22:51-04:00,530.7,---,48.47,---,1.1,0.8,1.1,97729.7,75.5
2023-08-14T06:39:51-04:00,535,---,48.94,---,1.3,0.9,1.3,97747.8,75.4
2023-08-14T06:57:52-04:00,538.3,---,50.59,---,0.8,0.3,0.8,97755.8,75.3
2023-08-14T07:15:53-04:00,542.9,---,52.91,---,1.6,1,1.6,97783.3,75.3
2023-08-14T07:32:52-04:00,544.2,---,54.97,---,1.8,1.2,1.8,97834.9,75.3
2023-08-14T07:50:53-04:00,545.5,---,55.14,---,1.4,1.2,1.4,97847.2,75.5
2023-08-14T08:09:53-04:00,539.1,---,54.98,---,1.8,0.9,1.7,97858.9,75.7
2023-08-14T08:26:53-04:00,530.4,---,54.87,---,1.8,1.3,1.8,97889.7,75.9
2023-08-14T08:44:54-04:00,527.1,---,54.68,---,2.1,1.2,2,97884.9,76.1
2023-08-14T09:02:53-04:00,524.2,---,53.96,---,2.6,1.3,2.6,97904.5,76
2023-08-14T09:20:00-04:00,---,---,---,---,---,---,---,---,---
2023-08-14T09:38:54-04:00,521,---,54.24,---,2.1,1.3,2,97891.1,75.8
2023-08-14T09:56:54-04:00,523.6,---,54.22,---,1.7,0.8,1.5,---,75.8
2023-08-14T10:12:55-04:00,523.5,---,54.31,---,1.5,1.3,1.5,97882.5,75.7
2023-08-14T10:30:55-04:00,526.4,---,54.09,---,1.7,1,1.7,97886.4,75.8
2023-08-14T10:49:55-04:00,525.3,---,53.79,---,6.2,3,5.6,97879.1,75.6
2023-08-14T11:06:56-04:00,526.3,---,53.27,---,4,2.3,3.8,97884.4,75.6
2023-08-14T11:24:56-04:00,531.4,---,53.2,---,2.8,1.6,2.5,97893.4,75.5
2023-08-14T11:42:57-04:00,529.6,---,53.57,---,2.3,1.3,2.2,97878,75.4
2023-08-14T12:00:00-04:00,---,---,---,---,---,---,---,---,---
2023-08-14T12:18:57-04:00,526.5,---,53.78,---,1.8,0.9,1.8,97848.5,75.3
2023-08-14T12:36:59-04:00,520.3,---,53.95,---,1.3,0.8,1.1,97827.2,75.4
2023-08-14T12:53:57-04:00,522,---,54.57,---,1.9,0.8,1.6,97801.2,75.4
2023-08-14T13:12:04-04:00,516.5,---,54.78,---,0.8,0.6,0.8,97787.9,75.5
2023-08-14T13:30:57-04:00,514.1,---,54.51,---,1.1,0.8,1.1,97773.9,75.7
2023-08-14T13:48:58-04:00,524,---,54.16,---,0.7,0.4,0.7,97759.4,75.6
2023-08-14T14:06:58-04:00,524.3,---,53.54,---,0.7,0.4,0.7,97742.1,75.6
2023-08-14T14:24:58-04:00,522.7,---,53.52,---,0.5,0.2,0.5,97737.7,75.7
2023-08-14T14:41:58-04:00,529.4,---,53.76,---,0.5,0.3,0.5,97727.3,75.6
2023-08-14T15:00:00-04:00,---,---,---,---,---,---,---,---,---
2023-08-14T15:18:58-04:00,539.1,---,54.53,---,0.4,0.3,0.4,97682.2,75.7
2023-08-14T15:35:00-04:00,539.3,---,54.58,---,0.5,0.1,0.5,97668.2,75.9
2023-08-14T15:53:00-04:00,538.5,---,54.94,---,0.7,0.4,0.7,97637.5,75.8
2023-08-14T16:11:00-04:00,542.7,---,54.94,---,0.6,0.2,0.6,97618.3,76
2023-08-14T16:29:00-04:00,533.4,---,54.73,---,0.4,0.4,0.4,97640.7,76
2023-08-14T16:47:00-04:00,525.3,---,54.55,---,0.3,0.1,0.3,97631.5,76
2023-08-14T17:04:01-04:00,510.3,---,54.49,---,0.5,0.2,0.4,97605.5,75.9
2023-08-14T17:21:01-04:00,503.8,---,54.64,---,0.5,0.3,0.4,97562.8,75.9
2023-08-14T17:40:00-04:00,---,---,---,---,---,---,---,---,---
2023-08-14T17:58:02-04:00,483.3,---,54.6,---,0.8,0.2,0.6,97554.8,75.8
2023-08-14T18:15:02-04:00,476.9,---,54.71,---,0.9,0.5,0.9,97551.6,75.7
2023-08-14T18:32:03-04:00,473.8,---,54.88,---,1.1,0.4,1,97528.3,75.8
2023-08-14T18:50:00-04:00,---,---,---,---,---,---,---,---,---
2023-08-14T19:07:04-04:00,463.1,---,55.43,---,0.8,0.4,0.8,97480.7,75.7
2023-08-14T19:25:04-04:00,455.7,---,55.91,---,1,0.4,0.6,97472,75.7
2023-08-14T19:43:05-04:00,456.4,---,55.8,---,1.1,0.6,1.1,97480.8,75.9
2023-08-14T20:00:04-04:00,455.5,---,55.27,---,0.7,0.4,0.7,97481,76.1
2023-08-14T20:19:05-04:00,448.8,---,55.35,---,0.6,0.3,0.6,97474.8,76.2
2023-08-14T20:37:05-04:00,450.8,---,56.06,---,0.9,0.4,0.8,97476.2,76.2
2023-08-14T20:54:05-04:00,452.2,---,56.47,---,1.1,0.5,0.9,97478.4,76.4
2023-08-14T21:12:06-04:00,453.7,---,56.76,---,0.9,0.6,0.8,97519.5,76.5
2023-08-14T21:30:05-04:00,455.1,---,56.75,---,0.4,0.1,0.4,97514.3,76.7
2023-08-14T21:48:05-04:00,455.2,---,56.86,---,0.9,0.5,0.9,97519.8,76.8
2023-08-14T22:06:06-04:00,453.9,---,57.05,---,0.7,0.3,0.6,97497.9,76.8
2023-08-14T22:24:06-04:00,457.5,---,57.3,---,0.3,0.2,0.3,97493.4,76.9
2023-08-14T22:41:06-04:00,457.7,---,57.43,---,0.8,0.4,0.7,97502.5,76.9
2023-08-14T23:00:00-04:00,---,---,---,---,---,---,---,---,---
2023-08-14T23:18:07-04:00,459.5,---,57.52,---,1.3,0.8,1.2,97507.3,77.1
2023-08-14T23:35:07-04:00,463.5,---,57.6,---,1,0.4,1,97477,77.1
2023-08-14T23:52:08-04:00,463.4,---,57.7,---,1,0.7,1,97449.4,77.2
2023-08-15T00:10:08-04:00,467.5,---,57.47,---,1.2,0.6,1.2,97433.5,77.2
2023-08-15T00:28:08-04:00,467.8,---,57.55,---,1.2,0.8,1.2,97408.8,77.3
2023-08-15T00:46:08-04:00,468.1,---,58.02,---,0.8,0.4,0.8,97359.8,77.1
2023-08-15T01:04:08-04:00,469.4,---,58.11,---,1.1,0.9,1.1,97354.5,77.1
2023-08-15T01:21:09-04:00,466.8,---,58.13,---,1.5,0.8,1.3,97328.3,77.1
2023-08-15T01:39:09-04:00,465.2,---,58.24,---,1.4,1,1.4,97275.3,77.1
2023-08-15T01:57:09-04:00,465.1,---,57.89,---,1,0.5,0.9,97236.6,77.2
2023-08-15T02:14:10-04:00,463.3,---,57.93,---,2,1.1,1.7,97170.8,77.2
2023-08-15T02:32:09-04:00,458.3,---,58.06,---,1.4,0.6,1.4,97160.5,77.3
2023-08-15T02:50:10-04:00,456.5,---,58.16,---,1.5,0.8,1.5,97144.4,77.3
2023-08-15T03:07:10-04:00,454.8,---,58.12,---,1.6,0.9,1.6,97124.5,77.4
2023-08-15T03:25:11-04:00,451.1,---,58.18,---,1.6,0.8,1.5,97120.9,77.3
2023-08-15T03:43:12-04:00,448.8,---,58.05,---,1.1,0.5,1.1,97131.3,77.3
2023-08-15T04:00:11-04:00,449.3,---,57.96,---,1.8,1,1.5,97128.7,77.3
2023-08-15T04:19:12-04:00,446,---,58.14,---,1.8,1,1.8,97134.9,77.3
2023-08-15T04:37:13-04:00,443.9,---,56.41,---,1.5,1,1.5,97141.1,77.3
2023-08-15T04:54:13-04:00,445.3,---,52.6,---,1.4,0.6,1.4,97135.2,77.2
2023-08-15T05:11:13-04:00,441.8,---,51.2,---,1.4,0.8,1.3,97126.5,76.7
2023-08-15T05:30:00-04:00,---,---,---,---,---,---,---,---,---
2023-08-15T05:47:14-04:00,442.1,---,50,---,1.2,0.4,1.2,97139.3,75.9
2023-08-15T06:05:14-04:00,444,---,50.02,---,0.6,0.2,0.6,97158.7,75.6
2023-08-15T06:23:14-04:00,444.8,---,49.81,---,1,0.5,1,97193.9,75.3
2023-08-15T06:40:00-04:00,---,---,---,---,---,---,---,---,---
2023-08-15T06:58:15-04:00,443.7,---,49.31,---,1,0.4,0.8,97157.7,75.1
2023-08-15T07:16:16-04:00,444,---,50.1,---,0.7,0.4,0.6,97147.3,74.9
2023-08-15T07:33:17-04:00,443.6,---,52.84,---,1.2,0.6,1.2,97158.5,74.9
2023-08-15T07:51:17-04:00,445.8,---,54.36,---,1.4,1.1,1.3,97195.8,75.1
2023-08-15T08:10:00-04:00,---,---,---,---,---,---,---,---,---
2023-08-15T08:27:17-04:00,459.7,---,56.56,---,1.6,0.9,1.6,97206.5,75.4
2023-08-15T08:45:17-04:00,464.8,---,55.85,---,1.3,1,1.3,97217.1,75.7
2023-08-15T09:02:18-04:00,469.7,---,55,---,1.5,1.2,1.5,97237.2,75.8
2023-08-15T09:20:19-04:00,476.5,---,54.99,---,1.9,1.3,1.8,97232.1,75.7
2023-08-15T09:39:20-04:00,485.5,---,54.07,---,1.5,0.9,1.5,97219.6,75.6
2023-08-15T09:57:20-04:00,492,---,53.63,---,1.3,0.8,1.3,97233.9,75.5
2023-08-15T10:14:20-04:00,508.3,---,53.65,---,1.7,1.2,1.6,97258.1,75.4
2023-08-15T10:32:20-04:00,515,---,53.61,---,2.3,1.2,2.2,97252,75.4
2023-08-15T10:50:21-04:00,521.4,---,53.65,---,1.9,1.1,1.8,97245.7,75.5
2023-08-15T11:08:21-04:00,523.3,---,54.04,---,1.8,1.2,1.8,97269.8,75.4
2023-08-15T11:26:22-04:00,534.5,---,54.58,---,1.3,0.8,1.3,97250.8,75.4
2023-08-15T11:43:21-04:00,536.5,---,54.64,---,1.9,1.3,1.9,97246.3,75.5
2023-08-15T12:00:00-04:00,---,---,---,---,---,---,---,---,---
2023-08-15T12:18:22-04:00,542.8,---,54.72,---,1.4,0.7,1.2,97208.3,75.5
2023-08-15T12:35:22-04:00,546.8,---,54.8,---,1.8,1.2,1.8,97196.6,75.5
2023-08-15T12:52:23-04:00,551.1,---,55.03,---,2,1.3,2,97195.4,75.6
2023-08-15T13:11:22-04:00,559.1,---,54.8,---,1.5,1,1.5,97206.1,75.7
2023-08-15T13:29:23-04:00,557.7,---,54.78,---,1.8,0.7,1.8,97217,75.8
2023-08-15T13:47:23-04:00,550.5,---,54.84,---,1.5,0.7,1.5,97204.8,75.7
2023-08-15T14:05:23-04:00,547.4,---,54.97,---,1.7,0.9,1.5,97218.8,75.6
2023-08-15T14:22:23-04:00,545.6,---,54.97,---,1.6,0.7,1.4,97214.7,75.6
2023-08-15T14:40:23-04:00,556.7,---,55.26,---,1.5,0.9,1.3,97218.7,75.6
2023-08-15T14:59:23-04:00,559.3,---,55.45,---,1.1,0.9,1.1,97222.2,75.6
2023-08-15T15:16:24-04:00,548.4,---,55.49,---,2.3,1.4,2.2,97212.8,75.7
2023-08-15T15:34:25-04:00,---,---,---,---,---,---,---,---,75.6
2023-08-15T15:51:24-04:00,536,---,55.08,---,1.5,0.9,1.5,97203.9,75.6
2023-08-15T16:09:25-04:00,536.3,---,55.21,---,1.5,0.9,1.5,97198,75.5
2023-08-15T16:27:26-04:00,535.1,---,55.34,---,1.6,0.8,1.6,97197.2,75.6
2023-08-15T16:45:25-04:00,527.2,---,55.18,---,1.3,0.9,1.3,97172.1,75.5
2023-08-15T17:02:26-04:00,517.6,---,55.2,---,1.7,1.3,1.7,97172.2,75.5
2023-08-15T17:20:27-04:00,513.9,---,54.96,---,1,0.7,1,97178.4,75.4
2023-08-15T17:39:27-04:00,502.8,---,54.98,---,1.3,1,1.3,97185,75.4
2023-08-15T17:56:28-04:00,490.8,---,55.97,---,1.3,0.9,1.3,97181.9,75.3
2023-08-15T18:14:27-04:00,484.3,---,56.47,---,1.3,0.6,1.3,97177,75.3
2023-08-15T18:32:27-04:00,474.8,---,56.94,---,1,0.7,1,97156.2,75.3
2023-08-15T18:50:00-04:00,---,---,---,---,---,---,---,---,---
2023-08-15T19:08:28-04:00,462,---,58.19,---,0.9,0.5,0.8,97139.9,75.4
2023-08-15T19:26:28-04:00,451.8,---,58.71,---,1.5,0.9,1.4,97116,75.5
2023-08-15T19:42:29-04:00,448.8,---,58.67,---,1.2,0.5,1.2,97142.9,75.6
2023-08-15T20:00:29-04:00,447.1,---,58.16,---,2,1.2,2,97159.7,75.7
2023-08-15T20:19:29-04:00,443.6,---,59,---,1.7,1,1.7,97185,75.8
2023-08-15T20:36:30-04:00,444.3,---,59.79,---,1.9,1.3,1.9,97194.6,75.9
2023-08-15T20:54:30-04:00,443.8,---,60.19,---,2.2,1,2.2,97233.3,76
2023-08-15T21:12:30-04:00,445,---,60.33,---,1.8,1,1.8,97254.9,76.2
2023-08-15T21:30:00-04:00,---,---,---,---,---,---,---,---,---
2023-08-15T21:48:30-04:00,444.2,---,60.5,---,1.9,1.3,1.9,97226.9,76.4
2023-08-15T22:06:31-04:00,449.9,---,60.53,---,1.7,0.5,1.5,97241.1,76.6
2023-08-15T22:22:31-04:00,448.5,---,60.67,---,2.8,1.7,2.5,97263,76.6
2023-08-15T22:40:31-04:00,449,---,60.78,---,2,1.4,2,97252.6,76.6
2023-08-15T22:59:32-04:00,446.6,---,60.76,---,2.5,1.7,2.5,97255.9,76.7
2023-08-15T23:16:32-04:00,447.6,---,60.8,---,2.1,1.1,2.1,97262.2,76.7
2023-08-15T23:34:32-04:00,448.1,---,60.75,---,2.5,1.6,2.5,97241.9,76.9
2023-08-15T23:52:32-04:00,446.8,---,61.02,---,1.7,0.8,1.5,97235.1,76.8
2023-08-16T00:10:00-04:00,---,---,---,---,---,---,---,---,---
2023-08-16T00:28:33-04:00,448,---,61.05,---,2,1.2,2,97215,76.9
2023-08-16T00:45:33-04:00,451,---,61.01,---,1.6,0.9,1.6,97269.5,77
2023-08-16T01:02:33-04:00,450.8,---,60.92,---,1.8,1,1.8,97259.1,77.1
2023-08-16T01:20:34-04:00,---,---,---,---,---,---,---,---,77
2023-08-16T01:38:34-04:00,452.5,---,61.16,---,1.5,1,1.5,97266.9,77
2023-08-16T01:54:35-04:00,457.3,---,61.03,---,1.3,0.8,1.3,97265.7,77.1
2023-08-16T02:12:36-04:00,458.3,---,60.57,---,0.6,0.3,0.6,97273.4,77.1
2023-08-16T02:30:36-04:00,459,---,60.66,---,1.2,0.8,1.2,97283.8,77.2
2023-08-16T02:48:37-04:00,464.3,---,60.59,---,1,0.7,1,97286.3,77.1
2023-08-16T03:06:37-04:00,466.3,---,60.5,---,0.8,0.5,0.8,97283.4,77.2
2023-08-16T03:24:37-04:00,466.9,---,60.42,---,1,0.5,1,97271.2,77.2
2023-08-16T03:41:37-04:00,465.7,---,60.34,---,1,0.4,1,97282.7,77.2
2023-08-16T04:00:00-04:00,---,---,---,---,---,---,---,---,---
2023-08-16T04:18:38-04:00,466,---,60.03,---,0.9,0.4,0.9,97282,77.2
2023-08-16T04:35:38-04:00,465,---,59.89,---,0.8,0.3,0.8,97307.9,77.3
2023-08-16T04:53:39-04:00,461.2,---,59.77,---,1.1,0.8,1.1,97318,77.3
2023-08-16T05:11:39-04:00,460.2,---,54.4,---,1.5,0.9,1.2,97334.4,77.2
2023-08-16T05:29:39-04:00,460.8,---,51.93,---,0.6,0.3,0.6,97337.6,76.7
2023-08-16T05:47:39-04:00,459.4,---,51.68,---,0.1,0.1,0.1,97344.6,76.2
2023-08-16T06:05:39-04:00,461.7,---,50.91,---,0.8,0.5,0.8,97361.9,75.8
2023-08-16T06:22:39-04:00,459.9,---,50.56,---,0.5,0.2,0.5,97396.9,75.6
2023-08-16T06:40:40-04:00,458.7,---,50.37,---,0.5,0.4,0.5,97406.7,75.5
2023-08-16T06:59:40-04:00,---,---,---,---,---,---,---,---,75.3
2023-08-16T07:15:39-04:00,458.1,---,51.34,---,0.7,0.1,0.7,97431.3,75.2
2023-08-16T07:33:39-04:00,458.8,---,54,---,1,0.4,0.8,97467.2,75.2
2023-08-16T07:51:39-04:00,458.4,---,56.64,---,0.6,0.3,0.4,97474.4,75.4
2023-08-16T08:08:40-04:00,455.8,---,56.89,---,0.1,0,0.1,97486.5,75.6
2023-08-16T08:25:40-04:00,454.8,---,56.71,---,1.2,0.6,1.2,97511.3,75.8
2023-08-16T08:43:41-04:00,456.8,---,56.56,---,1.3,0.8,1.3,97529.4,76
2023-08-16T09:00:00-04:00,---,---,---,---,---,---,---,---,---
2023-08-16T09:17:42-04:00,468.8,---,55.21,---,0.4,0.2,0.4,97534.1,76
2023-08-16T09:35:42-04:00,481.1,---,55.78,---,0.5,0.3,0.5,97563,76
2023-08-16T09:53:03-04:00,---,---,55.91,---,---,---,---,---,76
2023-08-16T10:10:00-04:00,---,---,---,---,---,---,---,---,---
2023-08-16T10:27:43-04:00,495.9,---,56.02,---,0.8,0.3,0.8,97605.7,75.9
2023-08-16T10:44:43-04:00,498.5,---,56.36,---,0.9,0.4,0.8,97616.5,75.9
2023-08-16T11:01:44-04:00,503.2,---,56.46,---,0.9,0.4,0.8,97622.7,75.9
2023-08-16T11:20:00-04:00,---,---,---,---,---,---,---,---,---
2023-08-16T11:37:45-04:00,504,---,56.3,---,0.8,0.4,0.8,97630.1,75.9
2023-08-16T11:55:47-04:00,513.8,---,55.98,---,0.9,0.6,0.9,97625.5,75.8
2023-08-16T12:13:45-04:00,525,---,55.72,---,1.6,0.8,1.6,97634,75.8
2023-08-16T12:30:46-04:00,521.9,---,55.81,---,2.3,1.4,2.3,97643.2,75.8
2023-08-16T12:49:46-04:00,514.8,---,55.92,---,3.3,1.8,3,97632,75.8
2023-08-16T13:07:52-04:00,505,---,56.05,---,3.3,2.1,3.2,97639.2,75.7
2023-08-16T13:24:54-04:00,499.3,---,55.81,---,3.1,1.8,3.1,97621.7,75.7
2023-08-16T13:42:46-04:00,499.7,---,56.1,---,3,1.7,3,97607.7,75.6
2023-08-16T14:00:54-04:00,499.3,---,56.36,---,2.9,1.8,2.9,97602.7,75.6
2023-08-16T14:17:46-04:00,495.2,---,56.19,---,2.8,1.6,2.8,97620.2,75.6
2023-08-16T14:35:46-04:00,494,---,55.75,---,3.2,2.2,3.2,97608,75.6
2023-08-16T14:52:48-04:00,496,---,---,---,---,---,---,97605,---
2023-08-16T15:10:00-04:00,---,---,---,---,---,---,---,---,---
2023-08-16T15:28:48-04:00,492.3,---,56.35,---,3.2,2,3.2,97618.9,75.5
2023-08-16T15:46:49-04:00,501.8,---,56.51,---,3.4,2,3.1,97615.4,75.5
2023-08-16T16:02:50-04:00,505.7,---,56.25,---,2.6,1.9,2.6,97607.7,75.5
2023-08-16T16:20:49-04:00,505.5,---,56.21,---,3.5,2.2,3.3,97609.2,75.5
2023-08-16T16:38:50-04:00,495.4,---,56.34,---,3.9,2.7,3.8,97617,75.6
2023-08-16T16:55:51-04:00,491.8,---,56.61,---,4.3,2.7,4.3,97613.8,75.6
2023-08-16T17:13:51-04:00,483.1,---,57.04,---,4.2,2.4,4.2,97605.4,75.5
2023-08-16T17:32:52-04:00,474.9,---,56.86,---,3.9,2.5,3.9,97607,75.5
2023-08-16T17:50:00-04:00,---,---,---,---,---,---,---,---,---
2023-08-16T18:08:51-04:00,462.8,---,57.61,---,4.1,2.4,4,97622.5,75.5
2023-08-16T18:25:52-04:00,457.9,---,57.58,---,4.4,2.9,4.3,97624.7,75.5
2023-08-16T18:42:53-04:00,448.4,---,58.77,---,4.1,2.6,4,97626.4,75.5
2023-08-16T19:00:53-04:00,442.8,---,59.32,---,5.2,3.2,5.1,97617.9,75.7
2023-08-16T19:19:53-04:00,442.8,---,59.26,---,5.1,3.2,4.9,97621.3,75.8
2023-08-16T19:34:53-04:00,439.4,---,59.03,---,5,3,5,97624.9,75.9
2023-08-16T19:53:05-04:00,436.6,---,58.18,---,5.2,3.3,4.9,97642.2,76
2023-08-16T20:10:00-04:00,---,---,---,---,---,---,---,---,---
2023-08-16T20:27:53-04:00,433.6,---,58.48,---,4.9,2.9,4.6,97658.8,76.2
2023-08-16T20:45:54-04:00,439.5,---,58.29,---,4.9,2.8,4.7,97673.8,76.2
2023-08-16T21:03:54-04:00,441.4,---,57.89,---,5.6,3.8,5.5,97682.9,76.4
2023-08-16T21:19:54-04:00,443.3,---,57.79,---,6.4,3.8,5.7,97700.8,76.4
2023-08-16T21:37:55-04:00,449.8,---,57.67,---,5.6,3.3,5.2,97713.5,76.4
2023-08-16T21:55:55-04:00,452.7,---,57.51,---,6.2,3.7,5.9,97729.6,76.4
2023-08-16T22:10:55-04:00,460,---,57.32,---,5.5,3,5.3,97731.8,76.6
2023-08-16T22:29:56-04:00,465.9,---,57.1,---,6.6,3.5,6.4,97736.1,76.6
2023-08-16T22:46:56-04:00,472.3,---,57.06,---,6.4,3.7,5.8,97734.3,76.6
2023-08-16T23:04:56-04:00,477.1,---,56.91,---,6,4,5.8,97730.5,76.6
2023-08-16T23:21:56-04:00,484.3,---,56.91,---,5.4,3.3,5.2,97741.5,76.6
2023-08-16T23:39:56-04:00,485.9,---,56.8,---,5.9,3.5,5.6,97735.6,76.7
2023-08-16T23:57:56-04:00,485.9,---,56.65,---,6,3.8,5.9,97724.1,76.6
2023-08-17T00:15:57-04:00,485.7,---,56.59,---,6.4,4.3,6.3,97715.4,76.7
2023-08-17T00:32:57-04:00,484.2,---,56.33,---,6,4,5.8,97700.5,76.7
2023-08-17T00:50:59-04:00,485.1,---,56.25,---,5.3,3.4,5.3,97684.1,76.7
2023-08-17T01:09:58-04:00,484.8,---,56.13,---,6.8,4,6.3,97663,76.7
2023-08-17T01:26:59-04:00,485,---,56.03,---,5.5,3.8,5.4,97655.8,76.7
2023-08-17T01:44:58-04:00,469.1,---,55.93,---,6.3,3.8,5.6,97661,76.7
2023-08-17T02:01:58-04:00,467.7,---,55.81,---,5.4,3.1,5.2,97657,76.7
2023-08-17T02:20:00-04:00,---,---,---,---,---,---,---,---,---
2023-08-17T02:37:59-04:00,473.8,---,55.47,---,6.1,3.3,6,97642.3,76.8
2023-08-17T02:55:59-04:00,472,---,55.4,---,5.8,3.8,5.7,97647,76.8
2023-08-17T03:12:00-04:00,470.8,---,55.29,---,5.9,3.6,5.5,97640.6,76.8
2023-08-17T03:30:00-04:00,---,---,---,---,---,---,---,---,---
2023-08-17T03:49:00-04:00,471.3,---,55.49,---,6.3,4.3,6.2,97628.2,76.8
2023-08-17T04:06:00-04:00,468.9,---,55.58,---,5.5,3.6,5.5,97629.7,76.8
2023-08-17T04:24:01-04:00,470.4,---,55.26,---,5.3,2.7,5.2,97628.7,77
2023-08-17T04:42:01-04:00,469.1,---,55.38,---,5.8,3.4,5.5,97624.4,76.9
2023-08-17T05:00:00-04:00,---,---,---,---,---,---,---,---,---
2023-08-17T05:18:02-04:00,473.4,---,55.42,---,6.3,3.5,6.2,97607.3,77
2023-08-17T05:36:02-04:00,471.6,---,55.42,---,5.4,3,5.2,97605.1,77
2023-08-17T05:51:02-04:00,471.1,---,54.65,---,4.8,2.6,4.5,97608.7,76.9
2023-08-17T06:09:02-04:00,475.4,---,52.73,---,3.9,2.4,3.7,97618,76.7
2023-08-17T06:27:03-04:00,473.4,---,51.64,---,3.5,2.3,3.5,97622.5,76.3
2023-08-17T06:44:03-04:00,472.8,---,51.45,---,3.3,1.8,3.3,97617.7,76
2023-08-17T07:02:03-04:00,474.5,---,51.57,---,2.8,1.8,2.6,97598.9,75.8
2023-08-17T07:20:03-04:00,475.3,---,53.08,---,3,2.1,3,97594.8,75.6
2023-08-17T07:38:04-04:00,470.8,---,54.38,---,3.3,2,3.3,97599.2,75.6
2023-08-17T07:55:04-04:00,471,---,55.44,---,2.8,1.5,2.8,97603.2,75.7
2023-08-17T08:13:05-04:00,466.7,---,56.65,---,2.3,1.3,2.2,97604.1,75.7
2023-08-17T08:30:05-04:00,464.8,---,56.81,---,2.9,1.9,2.9,97604.6,75.8
2023-08-17T08:47:05-04:00,464.6,---,56.75,---,2.5,1.5,2.5,97591.3,76
2023-08-17T09:05:05-04:00,462.3,---,56.2,---,2,1,2,97586,76.1
2023-08-17T09:22:05-04:00,465,---,55.84,---,2.9,1.9,2.8,97575,76.2
2023-08-17T09:40:05-04:00,469.7,---,55.66,---,1.6,1,1.6,97561.4,76.4
2023-08-17T09:59:05-04:00,471.2,---,55.08,---,1.9,1,1.9,97550.2,76.5
2023-08-17T10:16:06-04:00,485.3,---,55.14,---,2,0.9,1.9,97537,76.6
2023-08-17T10:34:06-04:00,480.3,---,55.05,---,2.8,1.4,2.8,97538.1,76.7
2023-08-17T10:52:07-04:00,482.3,---,55.49,---,1.5,0.8,1.5,97522.1,76.9
2023-08-17T11:10:00-04:00,---,---,---,---,---,---,---,---,---
2023-08-17T11:28:07-04:00,524.2,---,55.73,---,1.7,0.9,1.7,97482.8,77.1
2023-08-17T11:46:07-04:00,498.3,---,54.89,---,2.1,1,1.9,97473.6,77.2
2023-08-17T12:02:07-04:00,489.5,---,55.01,---,1.8,1,1.7,97462.9,77.3
2023-08-17T12:20:00-04:00,---,---,---,---,---,---,---,---,---
2023-08-17T12:38:08-04:00,492.4,---,54.79,---,1.4,0.4,1.4,97425.4,77.3
2023-08-17T12:55:08-04:00,504.9,---,53.83,---,1.3,0.8,1.2,97396.8,77.4
2023-08-17T13:13:08-04:00,502.5,---,53.04,---,0.7,0.3,0.7,97379.9,77.3
2023-08-17T13:31:08-04:00,498.2,---,52.59,---,1.8,1,1.6,97362.2,77.4
2023-08-17T13:48:09-04:00,508,---,51.73,---,1,0.6,1,97366,77.5
2023-08-17T14:06:09-04:00,501,---,51.3,---,1.8,1,1.8,97343.1,77.5
2023-08-17T14:30:00-04:00,---,---,---,---,---,---,---,---,---
2023-08-17T15:06:10-04:00,559.9,---,60.98,---,0.8,0.4,0.8,97238.8,73.3
2023-08-17T15:24:10-04:00,522.8,---,59.36,---,0.4,0,0.3,97222,74.4
2023-08-17T15:42:10-04:00,510.5,---,58.23,---,0.5,0.3,0.5,97188.3,75.1
2023-08-17T16:00:00-04:00,---,---,---,---,---,---,---,---,---
2023-08-17T16:18:10-04:00,497.4,---,56.84,---,1,0.5,1,97160.4,76
2023-08-17T16:36:10-04:00,598.2,---,56.39,---,815.3,367.3,745.2,97135,76.4
2023-08-17T16:53:11-04:00,498,---,55.61,---,21.5,12.5,18.5,97106.2,76.5
2023-08-17T17:11:11-04:00,495.8,---,55.27,---,3.5,2,3.5,97114.4,76.6
2023-08-17T17:30:00-04:00,---,---,---,---,---,---,---,---,---
2023-08-17T17:47:11-04:00,491,---,54.62,---,6.7,4.8,6.5,97105,76.4
2023-08-17T18:05:11-04:00,478.5,---,55.26,---,9.3,5.5,9.3,97093.5,76.2
2023-08-17T18:23:11-04:00,457.8,---,55.92,---,7.3,4,6,97086.7,76.1
2023-08-17T18:40:11-04:00,449.3,---,56.73,---,6.5,3.2,6,97069.9,75.9
2023-08-17T18:59:11-04:00,443.4,---,58.08,---,4.2,2.5,4,97059.8,75.8
2023-08-17T19:16:12-04:00,439,---,58.74,---,4,2,4,97057.2,75.8
2023-08-17T19:33:12-04:00,436.6,---,58.81,---,2.3,1,2.3,97040.3,75.8
2023-08-17T19:51:12-04:00,431.8,---,58.46,---,2.8,1.2,2.8,97023.7,76
2023-08-17T20:10:00-04:00,---,---,---,---,---,---,---,---,---
2023-08-17T20:27:12-04:00,425.6,---,59.04,---,2.8,1.8,2.8,97000.8,75.9
2023-08-17T20:44:12-04:00,422.5,---,59.33,---,3.3,2,3.3,97016,75.9
2023-08-17T21:02:13-04:00,422.3,---,59.63,---,2.2,0.8,2.2,97020,76.1
2023-08-17T21:20:00-04:00,---,---,---,---,---,---,---,---,---
2023-08-17T21:38:13-04:00,421.5,---,59.99,---,2.7,0.7,2.7,96993.5,76.4
2023-08-17T21:56:13-04:00,419,---,60.24,---,3.7,1.8,3.7,96997.2,76.6
2023-08-17T22:13:13-04:00,417.9,---,60.21,---,2.7,1,2.2,96929.4,76.5
2023-08-17T22:31:14-04:00,418,---,60.28,---,2.7,2,2.7,96963.3,76.6
2023-08-17T22:50:00-04:00,---,---,---,---,---,---,---,---,---
2023-08-17T23:07:14-04:00,416.9,---,60.52,---,3.2,1.8,3.2,96921,76.7
2023-08-17T23:25:14-04:00,415.8,---,60.62,---,2.5,1.8,2.5,96918.6,76.7
2023-08-17T23:43:14-04:00,415.6,---,60.61,---,2.7,1.8,2.7,96838.9,76.7
2023-08-18T00:00:15-04:00,415.6,---,60.38,---,1.5,0.7,1.5,96805.2,76.8
2023-08-18T00:19:15-04:00,413.8,---,60.27,---,2.3,0.8,2.3,96761.8,76.9
2023-08-18T00:37:15-04:00,413.6,---,60.42,---,1.7,0.8,1.7,96778.2,76.9
2023-08-18T00:54:15-04:00,413,---,60.63,---,1.8,1.2,1.8,96828.1,76.8
2023-08-18T01:12:16-04:00,413,---,60.64,---,2.5,1.8,2.5,96852.7,76.9
2023-08-18T01:30:16-04:00,411.2,---,60.67,---,2.2,1.5,2.2,96894,76.8
2023-08-18T01:48:16-04:00,411.3,---,60.51,---,2.5,2,2.5,96875.1,76.9
2023-08-18T02:06:16-04:00,412.3,---,60.52,---,1.3,0.5,1.3,96805.6,76.9
2023-08-18T02:24:16-04:00,411.2,---,60.57,---,2.8,2,2.8,96802.3,77
2023-08-18T02:41:16-04:00,410,---,60.58,---,2,0.8,2,96815,76.9
2023-08-18T03:00:00-04:00,---,---,---,---,---,---,---,---,---
2023-08-18T03:18:16-04:00,414.3,---,60.7,---,1.7,0.7,1.5,96812.9,77
2023-08-18T03:35:17-04:00,413.5,---,60.49,---,2.3,1.8,2.3,96792.8,77
2023-08-18T03:53:17-04:00,412.8,---,60.45,---,1.3,0.8,1.3,96734.4,77.1
2023-08-18T04:11:24-04:00,416.5,---,60.49,---,1.7,1,1.7,96656.4,77.1
2023-08-18T04:29:17-04:00,416.8,---,60.49,---,1.2,0.3,1.2,96710.3,77.1
2023-08-18T04:46:17-04:00,416.3,---,59.99,---,1.2,1.2,1.2,96820.2,77.1
2023-08-18T05:04:17-04:00,417.3,---,55.78,---,1.8,1,1.8,96787.1,77.1
2023-08-18T05:22:18-04:00,418.5,---,53.43,---,0.8,0.2,0.3,96741,76.6
2023-08-18T05:40:18-04:00,418.3,---,52.24,---,0.2,0.2,0.2,96735.9,76.2
2023-08-18T05:59:18-04:00,420.3,---,51.83,---,0.7,0.2,0.7,96846.7,75.8
2023-08-18T06:16:18-04:00,418.6,---,51.6,---,0.3,0,0.3,96817.6,75.4
2023-08-18T06:34:18-04:00,418.3,---,51.23,---,0.7,0,0.7,96843.6,75
2023-08-18T06:52:18-04:00,415.8,---,50.96,---,0,0,0,96861.4,74.8
2023-08-18T07:10:00-04:00,---,---,---,---,---,---,---,---,---
2023-08-18T07:28:19-04:00,414,---,53.6,---,0.5,0,0.2,96916.9,74.4
2023-08-18T07:46:19-04:00,415.3,---,55.48,---,0,0,0,96932,74.3
2023-08-18T08:04:20-04:00,415.3,---,56.56,---,0,0,0,96930.8,74.3
2023-08-18T08:22:19-04:00,413.7,---,56.71,---,0,0,0,96928.7,74.4
2023-08-18T08:40:20-04:00,417.8,---,56.55,---,0.8,0,0.2,96927.7,74.6
2023-08-18T08:58:20-04:00,419.2,---,56.03,---,2,0,1.7,96927.6,74.8
2023-08-18T09:15:20-04:00,425.9,---,56.02,---,0.2,0,0.2,96938.5,74.9
2023-08-18T11:40:00-04:00,---,---,---,---,---,---,---,---,---
2023-08-18T14:30:00-04:00,---,---,---,---,---,---,---,---,---
2023-08-18T17:50:00-04:00,---,---,---,---,---,---,---,---,---
2023-08-18T21:00:00-04:00,---,---,---,---,---,---,---,---,---
2023-09-08T08:10:00-04:00,---,---,---,---,---,---,---,---,---
2023-09-08T08:20:00-04:00,---,---,---,---,---,---,---,---,---
2023-09-08T08:30:00-04:00,---,---,---,---,---,---,---,---,---
2023-09-08T08:40:00-04:00,---,---,---,---,---,---,---,---,---
2023-09-08T08:50:00-04:00,---,---,---,---,---,---,---,---,---
2023-09-08T09:00:00-04:00,---,---,---,---,---,---,---,---,---
2023-09-08T09:10:00-04:00,---,---,---,---,---,---,---,---,---
2023-09-08T09:20:00-04:00,---,---,---,---,---,---,---,---,---
2023-09-08T09:30:00-04:00,---,---,---,---,---,---,---,---,---
2023-09-08T09:40:00-04:00,---,---,---,---,---,---,---,---,---
2023-09-08T09:50:00-04:00,---,---,---,---,---,---,---,---,---
2023-09-08T10:00:00-04:00,---,---,---,---,---,---,---,---,---
2023-09-08T10:10:00-04:00,---,---,---,---,---,---,---,---,---
2023-09-08T10:20:00-04:00,---,---,---,---,---,---,---,---,---
2023-09-08T10:30:00-04:00,---,---,---,---,---,---,---,---,---
2023-09-08T10:40:00-04:00,---,---,---,---,---,---,---,---,---
2023-09-08T10:50:00-04:00,---,---,---,---,---,---,---,---,---
2023-09-08T11:00:00-04:00,---,---,---,---,---,---,---,---,---
2023-09-08T11:10:00-04:00,---,---,---,---,---,---,---,---,---
2023-09-08T11:20:00-04:00,---,---,---,---,---,---,---,---,---
2023-09-08T11:30:00-04:00,---,---,---,---,---,---,---,---,---
2023-09-08T11:40:00-04:00,---,---,---,---,---,---,---,---,---
2023-09-08T11:50:00-04:00,---,---,---,---,---,---,---,---,---
2023-09-08T12:00:00-04:00,---,---,---,---,---,---,---,---,---
2023-09-08T12:10:00-04:00,---,---,---,---,---,---,---,---,---
2023-09-08T12:20:00-04:00,---,---,---,---,---,---,---,---,---
2023-09-08T12:30:00-04:00,---,---,---,---,---,---,---,---,---
2023-09-08T12:40:00-04:00,---,---,---,---,---,---,---,---,---
2023-09-08T12:50:00-04:00,---,---,---,---,---,---,---,---,---
2023-09-08T13:00:00-04:00,---,---,---,---,---,---,---,---,---
2023-09-08T13:10:00-04:00,---,---,---,---,---,---,---,---,---
2023-09-08T13:20:00-04:00,---,---,---,---,---,---,---,---,---
2023-09-08T13:30:00-04:00,---,---,---,---,---,---,---,---,---
2023-09-08T13:40:00-04:00,---,---,---,---,---,---,---,---,---
2023-09-08T13:50:00-04:00,---,---,---,---,---,---,---,---,---
2023-09-08T14:00:00-04:00,---,---,---,---,---,---,---,---,---
2023-09-08T14:10:00-04:00,---,---,---,---,---,---,---,---,---
2023-09-08T14:20:00-04:00,---,---,---,---,---,---,---,---,---
2023-09-08T14:30:00-04:00,---,---,---,---,---,---,---,---,---
2023-09-08T14:40:00-04:00,---,---,---,---,---,---,---,---,---
2023-09-08T14:50:00-04:00,---,---,---,---,---,---,---,---,---
2023-09-08T15:00:00-04:00,---,---,---,---,---,---,---,---,---
2023-09-08T15:10:00-04:00,---,---,---,---,---,---,---,---,---
2023-09-08T15:20:00-04:00,---,---,---,---,---,---,---,---,---
2023-09-08T15:30:00-04:00,---,---,---,---,---,---,---,---,---
2023-09-08T15:40:00-04:00,---,---,---,---,---,---,---,---,---
2023-09-08T15:50:00-04:00,---,---,---,---,---,---,---,---,---
2023-09-08T16:00:00-04:00,---,---,---,---,---,---,---,---,---
2023-09-08T16:10:00-04:00,---,---,---,---,---,---,---,---,---
2023-09-08T16:20:00-04:00,---,---,---,---,---,---,---,---,---
2023-09-08T16:30:00-04:00,---,---,---,---,---,---,---,---,---
2023-09-08T16:40:00-04:00,---,---,---,---,---,---,---,---,---
2023-09-08T16:50:00-04:00,---,---,---,---,---,---,---,---,---
2023-09-08T17:00:00-04:00,---,---,---,---,---,---,---,---,---
2023-09-08T17:10:00-04:00,---,---,---,---,---,---,---,---,---
2023-09-08T17:20:00-04:00,---,---,---,---,---,---,---,---,---
2023-09-08T17:30:00-04:00,---,---,---,---,---,---,---,---,---
2023-09-08T17:40:00-04:00,---,---,---,---,---,---,---,---,---
2023-09-08T17:50:00-04:00,---,---,---,---,---,---,---,---,---
2023-09-08T18:00:00-04:00,---,---,---,---,---,---,---,---,---
2023-09-08T18:10:00-04:00,---,---,---,---,---,---,---,---,---
2023-09-08T18:20:00-04:00,---,---,---,---,---,---,---,---,---
2023-09-08T18:30:00-04:00,---,---,---,---,---,---,---,---,---
2023-09-08T18:40:00-04:00,---,---,---,---,---,---,---,---,---
2023-09-08T18:50:00-04:00,---,---,---,---,---,---,---,---,---
2023-09-08T19:00:00-04:00,---,---,---,---,---,---,---,---,---
2023-09-08T19:10:00-04:00,---,---,---,---,---,---,---,---,---
2023-09-08T19:20:00-04:00,---,---,---,---,---,---,---,---,---
2023-09-08T19:30:00-04:00,---,---,---,---,---,---,---,---,---
2023-09-08T19:40:00-04:00,---,---,---,---,---,---,---,---,---
2023-09-08T19:41:36-04:00,388,---,42.09,---,5,3,5,79751.2,74.6
2023-09-08T19:42:32-04:00,---,---,41.8,---,---,---,---,---,74.6
2023-09-08T19:42:34-04:00,388.9,---,---,---,4.7,2.8,4.4,---,---
2023-09-08T19:42:44-04:00,---,---,---,---,---,---,---,79753.3,---
2023-09-08T19:43:33-04:00,---,---,41.58,---,---,---,---,---,74.6
2023-09-08T19:43:38-04:00,---,---,---,---,4.9,3,4.9,---,---
2023-09-08T19:43:55-04:00,384,---,---,---,---,---,---,79751,---
2023-09-08T19:46:50-04:00,---,---,40.55,---,5.5,3,5.5,---,74.8
2023-09-08T19:46:52-04:00,393,---,---,---,---,---,---,79741.5,---
2023-09-08T19:47:46-04:00,---,---,40.3,---,---,---,---,---,74.8
2023-09-08T19:47:48-04:00,392.9,---,---,---,5.4,2.8,5.2,79740.7,---
2023-09-08T19:49:02-04:00,---,---,40.21,---,---,---,---,---,74.9
2023-09-08T19:49:04-04:00,387.8,---,---,---,4.8,2.6,4.6,79734.7,---
2023-09-08T19:49:49-04:00,---,---,40.12,---,4.9,2.7,4.8,---,74.9
2023-09-08T19:49:51-04:00,386.8,---,---,---,---,---,---,79736.2,---
2023-09-08T19:50:00-04:00,---,---,---,---,---,---,---,---,---
2023-09-08T19:50:47-04:00,---,---,40.22,---,---,---,---,---,74.9
2023-09-08T19:50:49-04:00,385.7,---,---,---,5.2,3.5,5.1,---,---
2023-09-08T19:50:50-04:00,---,---,---,---,---,---,---,79736.1,---
2023-09-08T19:51:53-04:00,---,---,40.27,---,---,---,---,---,74.9
2023-09-08T19:51:55-04:00,372.6,---,---,---,5.3,3.2,5.2,79734.5,---
2023-09-08T19:52:49-04:00,---,---,40.25,---,5.1,2.7,4.9,---,74.9
2023-09-08T19:52:51-04:00,376,---,---,---,---,---,---,79733.6,---
2023-09-08T19:53:49-04:00,---,---,---,---,---,---,---,---,74.9
2023-09-08T19:53:51-04:00,379.6,---,40.15,---,5.6,3,5.4,---,---
2023-09-08T19:53:53-04:00,---,---,---,---,---,---,---,79732.5,---
2023-09-08T19:54:49-04:00,---,---,39.72,---,---,---,---,---,75
2023-09-08T19:54:51-04:00,376.5,---,---,---,5.2,2.8,5.1,---,---
2023-09-08T19:54:53-04:00,---,---,---,---,---,---,---,79733.1,---
2023-09-08T19:55:43-04:00,---,---,39.35,---,4.7,2.9,4.5,---,75
2023-09-08T19:55:46-04:00,374.8,---,---,---,---,---,---,79728,---
2023-09-08T19:57:03-04:00,---,---,39.48,---,4.5,3,4.5,---,75
2023-09-08T19:57:04-04:00,374,---,---,---,---,---,---,79727.7,---
2023-09-08T19:58:04-04:00,375.8,---,39.76,---,5.2,3.2,4.8,79730.5,75.1
2023-09-08T19:58:55-04:00,---,---,---,---,---,---,---,---,75.1
2023-09-08T19:58:59-04:00,---,---,39.7,---,---,---,---,---,---
2023-09-08T19:59:08-04:00,---,---,---,---,5,3.1,4.6,---,---
2023-09-08T19:59:16-04:00,381.8,---,---,---,---,---,---,79728.3,---
2023-09-08T19:59:45-04:00,---,---,39.75,---,---,---,---,---,75
2023-09-08T19:59:47-04:00,381.5,---,---,---,5.2,3,4.7,79731.6,---
2023-09-08T20:00:00-04:00,---,---,---,---,---,---,---,---,---
2023-09-08T20:00:50-04:00,---,---,39.92,---,---,---,---,---,75.1
2023-09-08T20:00:52-04:00,---,---,---,---,4.7,2.8,4.5,---,---
2023-09-08T20:00:56-04:00,382,---,---,---,---,---,---,---,---
2023-09-08T20:01:07-04:00,---,---,---,---,---,---,---,79726.3,---
2023-09-08T20:01:50-04:00,---,---,---,---,---,---,---,---,75.1
2023-09-08T20:01:57-04:00,381.3,---,40.48,---,4.5,3.1,4.5,79728.3,---
2023-09-08T20:02:50-04:00,---,---,---,---,---,---,---,---,75.1
2023-09-08T20:02:58-04:00,---,---,40.64,---,5,3.1,4.8,---,---
2023-09-08T20:03:00-04:00,380.3,---,---,---,---,---,---,79726.1,---
2023-09-08T20:03:46-04:00,---,---,40.55,---,---,---,---,---,75.1
2023-09-08T20:03:47-04:00,379,---,---,---,5,3,5,79728.1,---
2023-09-08T20:04:57-04:00,---,---,40.44,---,---,---,---,---,75.1
2023-09-08T20:04:58-04:00,377.7,---,---,---,4.9,3.1,4.9,79724.7,---
2023-09-08T20:05:50-04:00,377.3,---,40.48,---,4.8,3,4.8,79726.4,75.1
2023-09-08T20:06:47-04:00,---,---,40.31,---,---,---,---,---,75.2
2023-09-08T20:06:48-04:00,392.3,---,---,---,5,3,4.8,79728.2,---
2023-09-08T20:07:53-04:00,---,---,40.24,---,5.1,3.3,4.9,---,75.2
2023-09-08T20:07:55-04:00,386.9,---,---,---,---,---,---,---,---
2023-09-08T20:07:57-04:00,---,---,---,---,---,---,---,79725.6,---
2023-09-08T20:08:45-04:00,---,---,40.07,---,---,---,---,---,75.2
2023-09-08T20:08:46-04:00,382.3,---,---,---,5.3,3.3,5.3,---,---
2023-09-08T20:08:48-04:00,---,---,---,---,---,---,---,79730.5,---
2023-09-08T20:09:49-04:00,---,---,40.08,---,---,---,---,---,75.2
2023-09-08T20:09:51-04:00,385.5,---,---,---,4.8,2.8,4.6,79731.5,---
2023-09-08T20:10:00-04:00,---,---,---,---,---,---,---,---,---
2023-09-08T20:10:44-04:00,---,---,39.95,---,---,---,---,---,75.3
2023-09-08T20:10:46-04:00,390.7,---,---,---,4.8,3,4.5,79728.6,---
2023-09-08T20:11:50-04:00,---,---,---,---,---,---,---,---,75.2
2023-09-08T20:11:52-04:00,---,---,40.08,---,4.8,3.4,4.7,---,---
2023-09-08T20:11:53-04:00,392.3,---,---,---,---,---,---,79730.5,---
2023-09-08T20:12:45-04:00,---,---,39.99,---,---,---,---,---,75.3
2023-09-08T20:12:46-04:00,395.5,---,---,---,4.8,3,4.6,79732.3,---
2023-09-08T20:16:52-04:00,---,---,39.84,---,---,---,---,---,75.4
2023-09-08T20:16:53-04:00,408,---,---,---,4.5,3.5,4.5,79734.1,---
2023-09-08T20:20:00-04:00,---,---,---,---,---,---,---,---,---
2023-09-08T20:30:00-04:00,---,---,---,---,---,---,---,---,---
2023-09-08T20:38:58-04:00,416,---,40.09,---,4.5,2.5,4.5,79753.7,75.8
2023-09-08T20:39:52-04:00,408.9,---,40.02,---,4.9,3,4.6,79752.4,75.8
2023-09-08T20:40:00-04:00,---,---,---,---,---,---,---,---,---
2023-09-08T20:42:07-04:00,406,---,40.21,---,8,4.5,7.5,79765.8,75.8
2023-09-08T20:43:02-04:00,403.8,---,40.08,---,6.3,4,5.8,---,75.8
2023-09-08T20:43:03-04:00,---,---,---,---,---,---,---,79762.2,---
2023-09-08T20:44:02-04:00,400,---,39.85,---,5.4,3.8,5.2,79764.2,75.9
2023-09-08T20:45:02-04:00,398.7,---,39.78,---,5.3,3.1,5,79767.6,75.9
2023-09-08T20:46:03-04:00,401.3,---,39.39,---,5.9,3.6,5.5,79769.1,75.9
2023-09-08T20:47:03-04:00,395.3,---,39.05,---,5,3.5,4.8,79769.1,75.9
2023-09-08T20:48:03-04:00,389,---,38.8,---,4.3,2.8,4.3,79770,75.9
2023-09-08T20:49:03-04:00,386.2,---,38.65,---,4.4,2.8,4.3,79766.1,75.9
2023-09-08T20:50:00-04:00,---,---,---,---,---,---,---,---,---
2023-09-08T20:50:03-04:00,386.8,---,38.44,---,4.5,2.5,4.1,79761.4,75.8
2023-09-08T20:51:03-04:00,388.4,---,38.76,---,3.5,2.2,3.3,79765.6,75.9
2023-09-08T21:00:00-04:00,---,---,---,---,---,---,---,---,---
2023-09-08T21:05:58-04:00,413,---,37.16,---,5,3,5,79763.8,75.5
2023-09-08T21:06:54-04:00,447.5,---,37.58,---,4.4,2.9,4.3,79761.3,75.5
2023-09-08T21:07:54-04:00,440.2,---,37.34,---,5.3,2.8,5.1,79762.4,75.5
2023-09-08T21:08:54-04:00,435.6,---,37.22,---,4.2,2.2,4.1,79765.5,75.5
2023-09-08T21:09:55-04:00,415.5,---,37.44,---,4.2,2.7,3.9,79764,75.6
2023-09-08T21:10:00-04:00,---,---,---,---,---,---,---,---,---
2023-09-08T21:10:55-04:00,408.8,---,37.34,---,4.5,2.8,4.3,79762.4,75.6
2023-09-08T21:11:55-04:00,404.4,---,37.35,---,3.9,2.2,3.8,79762.5,75.6
2023-09-08T21:12:55-04:00,405.3,---,37.37,---,4.2,2.5,3.8,79762.2,75.7
2023-09-08T21:13:55-04:00,417.3,---,37.46,---,4.5,3,4.3,79766.1,75.7
2023-09-08T21:14:56-04:00,---,---,37.39,---,3.2,1.9,3,---,75.8
2023-09-08T21:14:57-04:00,415.2,---,---,---,---,---,---,79765.4,---
2023-09-08T21:15:56-04:00,415.7,---,37.5,---,3.5,2.2,3.4,79763.3,75.8
2023-09-08T21:16:56-04:00,415.8,---,37.66,---,4.4,2.5,4.2,79762.1,75.9
2023-09-08T21:17:56-04:00,417.3,---,37.65,---,4.4,2.5,4,79760.4,75.9
2023-09-08T21:19:14-04:00,---,---,37.51,---,---,---,---,---,76
2023-09-08T21:19:27-04:00,---,---,---,---,4,2.3,3.8,---,---
2023-09-08T21:19:36-04:00,419.2,---,---,---,---,---,---,79758.5,---
2023-09-08T21:20:00-04:00,---,---,---,---,---,---,---,---,---
2023-09-08T21:30:00-04:00,---,---,---,---,---,---,---,---,---
2023-09-08T21:40:00-04:00,---,---,---,---,---,---,---,---,---
2023-09-08T21:50:00-04:00,---,---,---,---,---,---,---,---,---
2023-09-08T22:00:00-04:00,---,---,---,---,---,---,---,---,---
2023-09-08T22:10:00-04:00,---,---,---,---,---,---,---,---,---
2023-09-08T22:20:00-04:00,---,---,---,---,---,---,---,---,---
2023-09-08T22:30:00-04:00,---,---,---,---,---,---,---,---,---
2023-09-08T22:40:00-04:00,---,---,---,---,---,---,---,---,---
2023-09-08T22:50:00-04:00,---,---,---,---,---,---,---,---,---
2023-09-08T23:00:00-04:00,---,---,---,---,---,---,---,---,---
2023-09-08T23:10:00-04:00,---,---,---,---,---,---,---,---,---
2023-09-08T23:20:00-04:00,---,---,---,---,---,---,---,---,---
2023-09-08T23:30:00-04:00,---,---,---,---,---,---,---,---,---
2023-09-08T23:40:00-04:00,---,---,---,---,---,---,---,---,---
2023-09-08T23:50:00-04:00,---,---,---,---,---,---,---,---,---
2023-09-08T23:56:15-04:00,419,---,35.38,---,4.5,3,4.5,79834.4,76.4
2023-09-08T23:57:02-04:00,395.1,---,35.28,---,5.7,3.2,5.2,79832.8,76.4
2023-09-08T23:58:02-04:00,384.3,---,35.22,---,4.7,2.9,4.4,79834,76.4
2023-09-08T23:59:02-04:00,386.7,---,35.21,---,4.9,2.9,4.6,79836.9,76.4
2023-09-09T00:00:00-04:00,---,---,---,---,---,---,---,---,---
2023-09-09T00:00:02-04:00,371.8,---,35.1,---,4.8,2.8,4.3,79834,76.3
2023-09-09T00:01:03-04:00,364.1,---,35.14,---,4.4,3,4.4,79832.5,76.3
2023-09-09T00:02:03-04:00,363.4,---,35.1,---,5.3,2.8,4.8,79829.5,76.3
2023-09-09T00:03:03-04:00,363.8,---,35.28,---,5.2,3.1,5.1,79828.9,76.3
2023-09-09T00:04:04-04:00,---,---,35.3,---,4.5,2.7,4.2,---,76.2
2023-09-09T00:04:05-04:00,364.8,---,---,---,---,---,---,79829.7,---
2023-09-09T00:05:03-04:00,367.5,---,35.39,---,4,2.6,3.8,79831.1,76.2
2023-09-09T00:06:04-04:00,369.3,---,35.47,---,4.5,2.8,4.3,79833.8,76.2
2023-09-09T00:07:03-04:00,372.7,---,35.67,---,4.8,2.8,4.5,79835.4,76.2
2023-09-09T00:08:04-04:00,378,---,35.66,---,4.8,2.9,4.6,79832.2,76.2
2023-09-09T00:09:03-04:00,378,---,35.61,---,5.4,3,5.2,---,76.2
2023-09-09T00:09:05-04:00,---,---,---,---,---,---,---,79830,---
2023-09-09T00:10:00-04:00,---,---,---,---,---,---,---,---,---
2023-09-09T00:10:04-04:00,378.2,---,35.81,---,4.2,2.8,4.2,---,76.1
2023-09-09T00:10:05-04:00,---,---,---,---,---,---,---,79829.2,---
2023-09-09T00:14:05-04:00,386.7,---,36.49,---,4.3,2.7,4,79835.4,76.1
2023-09-09T00:15:05-04:00,387.9,---,36.41,---,5.1,3.2,4.8,79832.6,76
2023-09-09T00:16:05-04:00,389.6,---,36.52,---,4.2,2.9,4.1,79837.5,76
2023-09-09T00:17:05-04:00,390.4,---,36.48,---,5.3,3.4,5,79833.7,76
2023-09-09T00:18:06-04:00,391,---,36.58,---,5.3,3.2,5,79833.4,76
2023-09-09T00:19:06-04:00,391.9,---,36.6,---,5.5,3.6,5.5,79834.3,76
2023-09-09T00:20:00-04:00,---,---,---,---,---,---,---,---,---
2023-09-09T00:20:06-04:00,394.7,---,36.68,---,5.6,3.5,5.5,79835.7,76
2023-09-09T00:21:23-04:00,---,---,36.83,---,---,---,---,---,76
2023-09-09T00:22:03-04:00,402.6,---,---,---,---,---,---,79833.2,---
2023-09-09T00:30:00-04:00,---,---,---,---,---,---,---,---,---
2023-09-09T00:40:00-04:00,---,---,---,---,---,---,---,---,---
2023-09-09T00:50:00-04:00,---,---,---,---,---,---,---,---,---
2023-09-09T01:00:00-04:00,---,---,---,---,---,---,---,---,---
2023-09-09T01:10:00-04:00,---,---,---,---,---,---,---,---,---
2023-09-09T01:20:00-04:00,---,---,---,---,---,---,---,---,---
2023-09-09T01:30:00-04:00,---,---,---,---,---,---,---,---,---
2023-09-09T01:40:00-04:00,---,---,---,---,---,---,---,---,---
2023-09-09T01:50:00-04:00,---,---,---,---,---,---,---,---,---
2023-09-09T02:00:00-04:00,---,---,---,---,---,---,---,---,---
2023-09-09T02:10:00-04:00,---,---,---,---,---,---,---,---,---
2023-09-09T02:20:00-04:00,---,---,---,---,---,---,---,---,---
2023-09-09T02:30:00-04:00,---,---,---,---,---,---,---,---,---
2023-09-09T02:40:00-04:00,---,---,---,---,---,---,---,---,---
2023-09-09T02:50:00-04:00,---,---,---,---,---,---,---,---,---
2023-09-09T03:00:00-04:00,---,---,---,---,---,---,---,---,---
2023-09-09T03:10:00-04:00,---,---,---,---,---,---,---,---,---
2023-09-09T03:20:00-04:00,---,---,---,---,---,---,---,---,---
2023-09-09T03:30:00-04:00,---,---,---,---,---,---,---,---,---
2023-09-09T03:40:00-04:00,---,---,---,---,---,---,---,---,---
2023-09-09T03:50:00-04:00,---,---,---,---,---,---,---,---,---
2023-09-09T04:00:00-04:00,---,---,---,---,---,---,---,---,---
2023-09-09T04:10:00-04:00,---,---,---,---,---,---,---,---,---
2023-09-09T04:20:00-04:00,---,---,---,---,---,---,---,---,---
2023-09-09T04:30:00-04:00,---,---,---,---,---,---,---,---,---
2023-09-09T04:40:00-04:00,---,---,---,---,---,---,---,---,---
2023-09-09T04:50:00-04:00,---,---,---,---,---,---,---,---,---
2023-09-09T05:00:00-04:00,---,---,---,---,---,---,---,---,---
2023-09-09T05:10:00-04:00,---,---,---,---,---,---,---,---,---
2023-09-09T05:20:00-04:00,---,---,---,---,---,---,---,---,---
2023-09-09T05:30:00-04:00,---,---,---,---,---,---,---,---,---
2023-09-09T05:40:00-04:00,---,---,---,---,---,---,---,---,---
2023-09-09T05:50:00-04:00,---,---,---,---,---,---,---,---,---
2023-09-09T06:00:00-04:00,---,---,---,---,---,---,---,---,---
2023-09-09T06:10:00-04:00,---,---,---,---,---,---,---,---,---
2023-09-09T06:20:00-04:00,---,---,---,---,---,---,---,---,---
2023-09-09T06:30:00-04:00,---,---,---,---,---,---,---,---,---
2023-09-09T06:40:00-04:00,---,---,---,---,---,---,---,---,---
2023-09-09T06:50:00-04:00,---,---,---,---,---,---,---,---,---
2023-09-09T07:00:00-04:00,---,---,---,---,---,---,---,---,---
2023-09-09T07:10:00-04:00,---,---,---,---,---,---,---,---,---
2023-09-09T07:20:00-04:00,---,---,---,---,---,---,---,---,---
2023-09-09T07:30:00-04:00,---,---,---,---,---,---,---,---,---
2023-09-09T07:40:00-04:00,---,---,---,---,---,---,---,---,---
2023-09-09T07:50:00-04:00,---,---,---,---,---,---,---,---,---
2023-09-09T08:00:00-04:00,---,---,---,---,---,---,---,---,---
2023-09-09T08:10:00-04:00,---,---,---,---,---,---,---,---,---
2023-09-09T08:20:00-04:00,---,---,---,---,---,---,---,---,---
2023-09-09T08:30:00-04:00,---,---,---,---,---,---,---,---,---
2023-09-09T08:40:00-04:00,---,---,---,---,---,---,---,---,---
2023-09-09T08:50:00-04:00,---,---,---,---,---,---,---,---,---
2023-09-09T09:00:00-04:00,---,---,---,---,---,---,---,---,---
2023-09-09T09:10:00-04:00,---,---,---,---,---,---,---,---,---
2023-09-09T09:20:00-04:00,---,---,---,---,---,---,---,---,---
2023-09-09T09:30:00-04:00,---,---,---,---,---,---,---,---,---
2023-09-09T09:40:00-04:00,---,---,---,---,---,---,---,---,---
2023-09-09T09:50:00-04:00,---,---,---,---,---,---,---,---,---
2023-09-09T10:00:00-04:00,---,---,---,---,---,---,---,---,---
2023-09-09T10:10:00-04:00,---,---,---,---,---,---,---,---,---
2023-09-09T10:20:00-04:00,---,---,---,---,---,---,---,---,---
2023-09-09T10:30:00-04:00,---,---,---,---,---,---,---,---,---
2023-09-09T10:40:00-04:00,---,---,---,---,---,---,---,---,---
2023-09-09T10:50:00-04:00,---,---,---,---,---,---,---,---,---
2023-09-09T11:00:00-04:00,---,---,---,---,---,---,---,---,---
2023-09-09T11:10:00-04:00,---,---,---,---,---,---,---,---,---
2023-09-09T11:20:00-04:00,---,---,---,---,---,---,---,---,---
2023-09-09T11:30:00-04:00,---,---,---,---,---,---,---,---,---
2023-09-09T11:40:00-04:00,---,---,---,---,---,---,---,---,---
2023-09-09T11:50:00-04:00,---,---,---,---,---,---,---,---,---
2023-09-09T12:00:00-04:00,---,---,---,---,---,---,---,---,---
